Record Length,2.500000e+03,,  -0.000025000000,  -2.80000,
Sample Interval,2.000000e-08,,  -0.000024980000,  -2.80000,
Trigger Point,1.250000000000e+03,,  -0.000024960000,  -3.20000,
,,,  -0.000024940000,  -2.80000,
,,,  -0.000024920000,  -3.20000,
,,,  -0.000024900000,  -3.20000,
Source,CH1,,  -0.000024880000,  -3.20000,
Vertical Units,V,,  -0.000024860000,  -3.20000,
Vertical Scale,1.000000e+01,,  -0.000024840000,  -3.20000,
Vertical Offset,2.000000e+01,,  -0.000024820000,  -3.60000,
Horizontal Units,s,,  -0.000024800000,  -4.00000,
Horizontal Scale,5.000000e-06,,  -0.000024780000,  -4.40000,
Pt Fmt,Y,,  -0.000024760000,  -4.00000,
Yzero,0.000000e+00,,  -0.000024740000,  -3.60000,
Probe Atten,1.000000e+01,,  -0.000024720000,  -4.00000,
Model Number,TBS1102B-EDU,,  -0.000024700000,  -4.40000,
Serial Number,C015494,,  -0.000024680000,  -4.40000,
Firmware Version,FV:v4.06,,  -0.000024660000,  -4.80000,
,,,-00.000024640000,  -4.40000,
,,,-00.000024620000,  -4.40000,
,,,-00.000024600000,  -4.80000,
,,,-00.000024580000,  -4.80000,
,,,-00.000024560000,  -4.80000,
,,,-00.000024540000,  -4.80000,
,,,-00.000024520000,  -5.20000,
,,,-00.000024500000,  -5.20000,
,,,-00.000024480000,  -5.60000,
,,,-00.000024460000,  -5.60000,
,,,-00.000024440000,  -5.60000,
,,,-00.000024420000,  -6.00000,
,,,-00.000024400000,  -5.60000,
,,,-00.000024380000,  -6.00000,
,,,-00.000024360000,  -5.60000,
,,,-00.000024340000,  -6.00000,
,,,-00.000024320000,  -6.40000,
,,,-00.000024300000,  -6.40000,
,,,-00.000024280000,  -7.20000,
,,,-00.000024260000,  -6.80000,
,,,-00.000024240000,  -6.40000,
,,,-00.000024220000,  -6.80000,
,,,-00.000024200000,  -6.80000,
,,,-00.000024180000,  -7.20000,
,,,-00.000024160000,  -7.60000,
,,,-00.000024140000,  -7.20000,
,,,-00.000024120000,  -7.20000,
,,,-00.000024100000,  -7.20000,
,,,-00.000024080000,  -7.60000,
,,,-00.000024060000,  -8.00000,
,,,-00.000024040000,  -8.00000,
,,,-00.000024020000,  -8.00000,
,,,-00.000024000000,  -8.00000,
,,,-00.000023980000,  -7.60000,
,,,-00.000023960000,  -8.40000,
,,,-00.000023940000,  -8.40000,
,,,-00.000023920000,  -8.40000,
,,,-00.000023900000,  -8.40000,
,,,-00.000023880000,  -8.40000,
,,,-00.000023860000,  -8.40000,
,,,-00.000023840000,  -8.80000,
,,,-00.000023820000,  -8.80000,
,,,-00.000023800000,  -9.20000,
,,,-00.000023780000,  -9.20000,
,,,-00.000023760000,  -9.20000,
,,,-00.000023740000,  -9.60000,
,,,-00.000023720000,  -9.60000,
,,,-00.000023700000,  -9.60000,
,,,-00.000023680000,  -9.60000,
,,,-00.000023660000,  -9.60000,
,,,-00.000023640000,  -9.60000,
,,,-00.000023620000, -10.00000,
,,,-00.000023600000,  -9.60000,
,,,-00.000023580000, -10.40000,
,,,-00.000023560000, -10.40000,
,,,-00.000023540000, -10.00000,
,,,-00.000023520000, -10.40000,
,,,-00.000023500000, -10.40000,
,,,-00.000023480000, -10.40000,
,,,-00.000023460000, -10.40000,
,,,-00.000023440000, -10.80000,
,,,-00.000023420000, -10.80000,
,,,-00.000023400000, -11.20000,
,,,-00.000023380000, -10.80000,
,,,-00.000023360000, -11.20000,
,,,-00.000023340000, -11.20000,
,,,-00.000023320000, -11.60000,
,,,-00.000023300000, -11.60000,
,,,-00.000023280000, -11.60000,
,,,-00.000023260000, -11.20000,
,,,-00.000023240000, -12.00000,
,,,-00.000023220000, -12.40000,
,,,-00.000023200000, -10.80000,
,,,-00.000023180000,  -9.20000,
,,,-00.000023160000,  -9.20000,
,,,-00.000023140000,  -9.60000,
,,,-00.000023120000,  -9.60000,
,,,-00.000023100000, -10.00000,
,,,-00.000023080000, -10.00000,
,,,-00.000023060000, -10.00000,
,,,-00.000023040000, -10.40000,
,,,-00.000023020000, -10.80000,
,,,-00.000023000000, -11.20000,
,,,-00.000022980000, -10.40000,
,,,-00.000022960000, -10.80000,
,,,-00.000022940000, -10.40000,
,,,-00.000022920000, -11.20000,
,,,-00.000022900000, -10.80000,
,,,-00.000022880000, -10.80000,
,,,-00.000022860000, -11.20000,
,,,-00.000022840000, -10.40000,
,,,-00.000022820000, -11.20000,
,,,-00.000022800000, -10.40000,
,,,-00.000022780000, -10.80000,
,,,-00.000022760000, -10.80000,
,,,-00.000022740000, -10.40000,
,,,-00.000022720000, -10.80000,
,,,-00.000022700000, -10.40000,
,,,-00.000022680000, -10.40000,
,,,-00.000022660000, -10.00000,
,,,-00.000022640000, -10.40000,
,,,-00.000022620000, -10.00000,
,,,-00.000022600000, -10.00000,
,,,-00.000022580000, -10.00000,
,,,-00.000022560000,  -9.20000,
,,,-00.000022540000,  -9.60000,
,,,-00.000022520000,  -9.60000,
,,,-00.000022500000,  -9.60000,
,,,-00.000022480000,  -9.60000,
,,,-00.000022460000,  -9.60000,
,,,-00.000022440000,  -9.20000,
,,,-00.000022420000,  -9.20000,
,,,-00.000022400000,  -9.20000,
,,,-00.000022380000,  -9.20000,
,,,-00.000022360000,  -9.60000,
,,,-00.000022340000,  -9.20000,
,,,-00.000022320000,  -8.80000,
,,,-00.000022300000,  -8.40000,
,,,-00.000022280000,  -8.40000,
,,,-00.000022260000,  -8.00000,
,,,-00.000022240000,  -8.00000,
,,,-00.000022220000,  -8.40000,
,,,-00.000022200000,  -8.00000,
,,,-00.000022180000,  -7.60000,
,,,-00.000022160000,  -7.60000,
,,,-00.000022140000,  -8.00000,
,,,-00.000022120000,  -7.60000,
,,,-00.000022100000,  -7.60000,
,,,-00.000022080000,  -7.60000,
,,,-00.000022060000,  -8.00000,
,,,-00.000022040000,  -7.60000,
,,,-00.000022020000,  -7.20000,
,,,-00.000022000000,  -7.20000,
,,,-00.000021980000,  -7.60000,
,,,-00.000021960000,  -7.60000,
,,,-00.000021940000,  -6.80000,
,,,-00.000021920000,  -7.20000,
,,,-00.000021900000,  -6.80000,
,,,-00.000021880000,  -6.80000,
,,,-00.000021860000,  -6.80000,
,,,-00.000021840000,  -6.80000,
,,,-00.000021820000,  -6.80000,
,,,-00.000021800000,  -6.40000,
,,,-00.000021780000,  -6.40000,
,,,-00.000021760000,  -6.00000,
,,,-00.000021740000,  -6.40000,
,,,-00.000021720000,  -6.00000,
,,,-00.000021700000,  -5.60000,
,,,-00.000021680000,  -5.60000,
,,,-00.000021660000,  -5.20000,
,,,-00.000021640000,  -6.00000,
,,,-00.000021620000,  -5.20000,
,,,-00.000021600000,  -5.60000,
,,,-00.000021580000,  -5.60000,
,,,-00.000021560000,  -5.20000,
,,,-00.000021540000,  -5.20000,
,,,-00.000021520000,  -5.20000,
,,,-00.000021500000,  -5.20000,
,,,-00.000021480000,  -4.80000,
,,,-00.000021460000,  -4.40000,
,,,-00.000021440000,  -4.80000,
,,,-00.000021420000,  -4.40000,
,,,-00.000021400000,  -4.40000,
,,,-00.000021380000,  -4.40000,
,,,-00.000021360000,  -4.00000,
,,,-00.000021340000,  -4.00000,
,,,-00.000021320000,  -4.00000,
,,,-00.000021300000,  -4.00000,
,,,-00.000021280000,  -3.60000,
,,,-00.000021260000,  -4.00000,
,,,-00.000021240000,  -3.60000,
,,,-00.000021220000,  -3.60000,
,,,-00.000021200000,  -3.60000,
,,,-00.000021180000,  -2.80000,
,,,-00.000021160000,  -2.80000,
,,,-00.000021140000,  -3.20000,
,,,-00.000021120000,  -2.80000,
,,,-00.000021100000,  -2.80000,
,,,-00.000021080000,  -2.80000,
,,,-00.000021060000,  -2.80000,
,,,-00.000021040000,  -2.80000,
,,,-00.000021020000,  -2.80000,
,,,-00.000021000000,  -2.80000,
,,,-00.000020980000,  -2.40000,
,,,-00.000020960000,  -2.80000,
,,,-00.000020940000,  -2.40000,
,,,-00.000020920000,  -2.40000,
,,,-00.000020900000,  -1.60000,
,,,-00.000020880000,  -2.00000,
,,,-00.000020860000,  -1.60000,
,,,-00.000020840000,  -2.00000,
,,,-00.000020820000,  -2.00000,
,,,-00.000020800000,  -1.60000,
,,,-00.000020780000,  -1.20000,
,,,-00.000020760000,  -1.20000,
,,,-00.000020740000,  -1.60000,
,,,-00.000020720000,  -1.20000,
,,,-00.000020700000,  -1.20000,
,,,-00.000020680000,  -0.80000,
,,,-00.000020660000,  -0.40000,
,,,-00.000020640000,  -0.80000,
,,,-00.000020620000,  -0.40000,
,,,-00.000020600000,  -0.80000,
,,,-00.000020580000,   0.00000,
,,,-00.000020560000,   0.00000,
,,,-00.000020540000,  -0.40000,
,,,-00.000020520000,   0.00000,
,,,-00.000020500000,   0.00000,
,,,-00.000020480000,   0.40000,
,,,-00.000020460000,   0.40000,
,,,-00.000020440000,   0.00000,
,,,-00.000020420000,   0.40000,
,,,-00.000020400000,   0.80000,
,,,-00.000020380000,   0.40000,
,,,-00.000020360000,   0.80000,
,,,-00.000020340000,   0.80000,
,,,-00.000020320000,   0.40000,
,,,-00.000020300000,   0.80000,
,,,-00.000020280000,   0.40000,
,,,-00.000020260000,   1.20000,
,,,-00.000020240000,   1.60000,
,,,-00.000020220000,   1.20000,
,,,-00.000020200000,   1.60000,
,,,-00.000020180000,   1.20000,
,,,-00.000020160000,   2.00000,
,,,-00.000020140000,   1.60000,
,,,-00.000020120000,   1.60000,
,,,-00.000020100000,   2.00000,
,,,-00.000020080000,   2.00000,
,,,-00.000020060000,   1.60000,
,,,-00.000020040000,   1.60000,
,,,-00.000020020000,   2.40000,
,,,-00.000020000000,   2.00000,
,,,-00.000019980000,   2.40000,
,,,-00.000019960000,   2.80000,
,,,-00.000019940000,   2.80000,
,,,-00.000019920000,   2.80000,
,,,-00.000019900000,   2.40000,
,,,-00.000019880000,   2.80000,
,,,-00.000019860000,   3.20000,
,,,-00.000019840000,   3.20000,
,,,-00.000019820000,   2.80000,
,,,-00.000019800000,   3.60000,
,,,-00.000019780000,   3.60000,
,,,-00.000019760000,   4.00000,
,,,-00.000019740000,   3.60000,
,,,-00.000019720000,   3.60000,
,,,-00.000019700000,   3.20000,
,,,-00.000019680000,   4.00000,
,,,-00.000019660000,   3.60000,
,,,-00.000019640000,   4.40000,
,,,-00.000019620000,   4.40000,
,,,-00.000019600000,   4.00000,
,,,-00.000019580000,   4.40000,
,,,-00.000019560000,   4.40000,
,,,-00.000019540000,   4.40000,
,,,-00.000019520000,   4.40000,
,,,-00.000019500000,   4.80000,
,,,-00.000019480000,   5.20000,
,,,-00.000019460000,   5.20000,
,,,-00.000019440000,   4.80000,
,,,-00.000019420000,   4.80000,
,,,-00.000019400000,   5.20000,
,,,-00.000019380000,   5.20000,
,,,-00.000019360000,   4.80000,
,,,-00.000019340000,   6.00000,
,,,-00.000019320000,   5.20000,
,,,-00.000019300000,   5.60000,
,,,-00.000019280000,   6.00000,
,,,-00.000019260000,   5.60000,
,,,-00.000019240000,   6.00000,
,,,-00.000019220000,   6.00000,
,,,-00.000019200000,   6.00000,
,,,-00.000019180000,   6.80000,
,,,-00.000019160000,   6.80000,
,,,-00.000019140000,   6.80000,
,,,-00.000019120000,   6.80000,
,,,-00.000019100000,   6.80000,
,,,-00.000019080000,   6.80000,
,,,-00.000019060000,   7.20000,
,,,-00.000019040000,   6.80000,
,,,-00.000019020000,   7.20000,
,,,-00.000019000000,   7.20000,
,,,-00.000018980000,   7.60000,
,,,-00.000018960000,   6.80000,
,,,-00.000018940000,   7.60000,
,,,-00.000018920000,   7.60000,
,,,-00.000018900000,   7.60000,
,,,-00.000018880000,   7.60000,
,,,-00.000018860000,   7.60000,
,,,-00.000018840000,   8.00000,
,,,-00.000018820000,   8.00000,
,,,-00.000018800000,   8.00000,
,,,-00.000018780000,   8.00000,
,,,-00.000018760000,   8.00000,
,,,-00.000018740000,   8.80000,
,,,-00.000018720000,   8.00000,
,,,-00.000018700000,   8.80000,
,,,-00.000018680000,   8.80000,
,,,-00.000018660000,   8.80000,
,,,-00.000018640000,   8.80000,
,,,-00.000018620000,   9.20000,
,,,-00.000018600000,   9.60000,
,,,-00.000018580000,   9.20000,
,,,-00.000018560000,   9.20000,
,,,-00.000018540000,   9.60000,
,,,-00.000018520000,   9.60000,
,,,-00.000018500000,   9.60000,
,,,-00.000018480000,   9.60000,
,,,-00.000018460000,  10.00000,
,,,-00.000018440000,   9.60000,
,,,-00.000018420000,  10.00000,
,,,-00.000018400000,  10.40000,
,,,-00.000018380000,  10.00000,
,,,-00.000018360000,  10.00000,
,,,-00.000018340000,  10.00000,
,,,-00.000018320000,  10.40000,
,,,-00.000018300000,  10.40000,
,,,-00.000018280000,  10.40000,
,,,-00.000018260000,  11.20000,
,,,-00.000018240000,  10.80000,
,,,-00.000018220000,  10.80000,
,,,-00.000018200000,  12.00000,
,,,-00.000018180000,  12.00000,
,,,-00.000018160000,  12.80000,
,,,-00.000018140000,  12.80000,
,,,-00.000018120000,  12.80000,
,,,-00.000018100000,  12.80000,
,,,-00.000018080000,  12.00000,
,,,-00.000018060000,  12.00000,
,,,-00.000018040000,  12.00000,
,,,-00.000018020000,  12.40000,
,,,-00.000018000000,  12.40000,
,,,-00.000017980000,  12.40000,
,,,-00.000017960000,  12.00000,
,,,-00.000017940000,  12.00000,
,,,-00.000017920000,  11.60000,
,,,-00.000017900000,  11.60000,
,,,-00.000017880000,  11.60000,
,,,-00.000017860000,  11.20000,
,,,-00.000017840000,  11.20000,
,,,-00.000017820000,  11.20000,
,,,-00.000017800000,  11.60000,
,,,-00.000017780000,  11.20000,
,,,-00.000017760000,  11.20000,
,,,-00.000017740000,  11.20000,
,,,-00.000017720000,  10.80000,
,,,-00.000017700000,  11.20000,
,,,-00.000017680000,  10.40000,
,,,-00.000017660000,  10.80000,
,,,-00.000017640000,  10.00000,
,,,-00.000017620000,  10.00000,
,,,-00.000017600000,  10.40000,
,,,-00.000017580000,  10.00000,
,,,-00.000017560000,  10.00000,
,,,-00.000017540000,  10.40000,
,,,-00.000017520000,  10.40000,
,,,-00.000017500000,   9.60000,
,,,-00.000017480000,  10.00000,
,,,-00.000017460000,   9.60000,
,,,-00.000017440000,   9.60000,
,,,-00.000017420000,   9.20000,
,,,-00.000017400000,   9.20000,
,,,-00.000017380000,   9.20000,
,,,-00.000017360000,   9.20000,
,,,-00.000017340000,   9.20000,
,,,-00.000017320000,   8.80000,
,,,-00.000017300000,   8.40000,
,,,-00.000017280000,   8.80000,
,,,-00.000017260000,   8.80000,
,,,-00.000017240000,   8.40000,
,,,-00.000017220000,   8.40000,
,,,-00.000017200000,   8.80000,
,,,-00.000017180000,   8.00000,
,,,-00.000017160000,   8.00000,
,,,-00.000017140000,   7.60000,
,,,-00.000017120000,   7.60000,
,,,-00.000017100000,   8.00000,
,,,-00.000017080000,   7.60000,
,,,-00.000017060000,   7.20000,
,,,-00.000017040000,   7.60000,
,,,-00.000017020000,   7.20000,
,,,-00.000017000000,   7.20000,
,,,-00.000016980000,   7.20000,
,,,-00.000016960000,   6.80000,
,,,-00.000016940000,   7.20000,
,,,-00.000016920000,   6.40000,
,,,-00.000016900000,   6.80000,
,,,-00.000016880000,   6.40000,
,,,-00.000016860000,   6.80000,
,,,-00.000016840000,   6.40000,
,,,-00.000016820000,   6.40000,
,,,-00.000016800000,   6.00000,
,,,-00.000016780000,   6.00000,
,,,-00.000016760000,   6.00000,
,,,-00.000016740000,   6.00000,
,,,-00.000016720000,   6.40000,
,,,-00.000016700000,   5.60000,
,,,-00.000016680000,   5.60000,
,,,-00.000016660000,   6.00000,
,,,-00.000016640000,   5.20000,
,,,-00.000016620000,   5.60000,
,,,-00.000016600000,   6.00000,
,,,-00.000016580000,   5.60000,
,,,-00.000016560000,   5.60000,
,,,-00.000016540000,   4.80000,
,,,-00.000016520000,   4.80000,
,,,-00.000016500000,   4.40000,
,,,-00.000016480000,   4.40000,
,,,-00.000016460000,   4.80000,
,,,-00.000016440000,   4.40000,
,,,-00.000016420000,   4.40000,
,,,-00.000016400000,   4.40000,
,,,-00.000016380000,   4.00000,
,,,-00.000016360000,   4.00000,
,,,-00.000016340000,   3.60000,
,,,-00.000016320000,   4.00000,
,,,-00.000016300000,   4.00000,
,,,-00.000016280000,   3.60000,
,,,-00.000016260000,   3.20000,
,,,-00.000016240000,   3.60000,
,,,-00.000016220000,   3.20000,
,,,-00.000016200000,   3.20000,
,,,-00.000016180000,   3.20000,
,,,-00.000016160000,   2.40000,
,,,-00.000016140000,   3.20000,
,,,-00.000016120000,   3.20000,
,,,-00.000016100000,   2.80000,
,,,-00.000016080000,   2.40000,
,,,-00.000016060000,   2.40000,
,,,-00.000016040000,   2.40000,
,,,-00.000016020000,   2.00000,
,,,-00.000016000000,   2.00000,
,,,-00.000015980000,   2.00000,
,,,-00.000015960000,   2.40000,
,,,-00.000015940000,   1.60000,
,,,-00.000015920000,   2.00000,
,,,-00.000015900000,   1.60000,
,,,-00.000015880000,   1.60000,
,,,-00.000015860000,   1.60000,
,,,-00.000015840000,   1.20000,
,,,-00.000015820000,   1.20000,
,,,-00.000015800000,   1.20000,
,,,-00.000015780000,   1.20000,
,,,-00.000015760000,   1.20000,
,,,-00.000015740000,   1.20000,
,,,-00.000015720000,   1.20000,
,,,-00.000015700000,   0.80000,
,,,-00.000015680000,   0.40000,
,,,-00.000015660000,   0.40000,
,,,-00.000015640000,   0.40000,
,,,-00.000015620000,   0.40000,
,,,-00.000015600000,   0.40000,
,,,-00.000015580000,   0.40000,
,,,-00.000015560000,   0.00000,
,,,-00.000015540000,   0.40000,
,,,-00.000015520000,   0.00000,
,,,-00.000015500000,   0.00000,
,,,-00.000015480000,  -0.40000,
,,,-00.000015460000,  -0.80000,
,,,-00.000015440000,  -0.40000,
,,,-00.000015420000,  -0.80000,
,,,-00.000015400000,  -0.80000,
,,,-00.000015380000,  -0.80000,
,,,-00.000015360000,  -0.80000,
,,,-00.000015340000,  -0.80000,
,,,-00.000015320000,  -1.20000,
,,,-00.000015300000,  -1.20000,
,,,-00.000015280000,  -1.20000,
,,,-00.000015260000,  -1.60000,
,,,-00.000015240000,  -1.60000,
,,,-00.000015220000,  -1.20000,
,,,-00.000015200000,  -2.00000,
,,,-00.000015180000,  -2.00000,
,,,-00.000015160000,  -1.60000,
,,,-00.000015140000,  -2.40000,
,,,-00.000015120000,  -2.00000,
,,,-00.000015100000,  -2.40000,
,,,-00.000015080000,  -2.40000,
,,,-00.000015060000,  -2.40000,
,,,-00.000015040000,  -2.80000,
,,,-00.000015020000,  -2.80000,
,,,-00.000015000000,  -2.80000,
,,,-00.000014980000,  -2.80000,
,,,-00.000014960000,  -2.80000,
,,,-00.000014940000,  -3.20000,
,,,-00.000014920000,  -3.60000,
,,,-00.000014900000,  -4.00000,
,,,-00.000014880000,  -3.60000,
,,,-00.000014860000,  -3.60000,
,,,-00.000014840000,  -3.20000,
,,,-00.000014820000,  -3.60000,
,,,-00.000014800000,  -3.60000,
,,,-00.000014780000,  -3.60000,
,,,-00.000014760000,  -4.80000,
,,,-00.000014740000,  -4.40000,
,,,-00.000014720000,  -3.60000,
,,,-00.000014700000,  -4.80000,
,,,-00.000014680000,  -4.80000,
,,,-00.000014660000,  -4.80000,
,,,-00.000014640000,  -4.40000,
,,,-00.000014620000,  -4.80000,
,,,-00.000014600000,  -4.80000,
,,,-00.000014580000,  -4.40000,
,,,-00.000014560000,  -4.80000,
,,,-00.000014540000,  -4.80000,
,,,-00.000014520000,  -5.20000,
,,,-00.000014500000,  -4.80000,
,,,-00.000014480000,  -5.20000,
,,,-00.000014460000,  -5.20000,
,,,-00.000014440000,  -5.60000,
,,,-00.000014420000,  -6.00000,
,,,-00.000014400000,  -5.60000,
,,,-00.000014380000,  -6.00000,
,,,-00.000014360000,  -5.60000,
,,,-00.000014340000,  -6.40000,
,,,-00.000014320000,  -6.00000,
,,,-00.000014300000,  -6.40000,
,,,-00.000014280000,  -6.40000,
,,,-00.000014260000,  -6.80000,
,,,-00.000014240000,  -6.80000,
,,,-00.000014220000,  -6.40000,
,,,-00.000014200000,  -7.20000,
,,,-00.000014180000,  -6.80000,
,,,-00.000014160000,  -6.80000,
,,,-00.000014140000,  -6.80000,
,,,-00.000014120000,  -7.60000,
,,,-00.000014100000,  -7.20000,
,,,-00.000014080000,  -7.20000,
,,,-00.000014060000,  -7.20000,
,,,-00.000014040000,  -7.60000,
,,,-00.000014020000,  -8.00000,
,,,-00.000014000000,  -8.40000,
,,,-00.000013980000,  -7.60000,
,,,-00.000013960000,  -7.60000,
,,,-00.000013940000,  -8.40000,
,,,-00.000013920000,  -8.40000,
,,,-00.000013900000,  -8.00000,
,,,-00.000013880000,  -8.80000,
,,,-00.000013860000,  -8.40000,
,,,-00.000013840000,  -8.40000,
,,,-00.000013820000,  -8.80000,
,,,-00.000013800000,  -8.80000,
,,,-00.000013780000,  -8.80000,
,,,-00.000013760000,  -9.20000,
,,,-00.000013740000,  -8.80000,
,,,-00.000013720000,  -9.20000,
,,,-00.000013700000,  -9.60000,
,,,-00.000013680000, -10.00000,
,,,-00.000013660000,  -9.60000,
,,,-00.000013640000,  -9.60000,
,,,-00.000013620000,  -9.60000,
,,,-00.000013600000, -10.00000,
,,,-00.000013580000, -10.00000,
,,,-00.000013560000, -10.00000,
,,,-00.000013540000, -10.00000,
,,,-00.000013520000, -10.40000,
,,,-00.000013500000, -10.80000,
,,,-00.000013480000, -10.40000,
,,,-00.000013460000, -10.80000,
,,,-00.000013440000, -11.20000,
,,,-00.000013420000, -10.80000,
,,,-00.000013400000, -10.80000,
,,,-00.000013380000, -11.20000,
,,,-00.000013360000, -11.60000,
,,,-00.000013340000, -11.60000,
,,,-00.000013320000, -11.60000,
,,,-00.000013300000, -11.60000,
,,,-00.000013280000, -11.20000,
,,,-00.000013260000, -11.60000,
,,,-00.000013240000, -11.60000,
,,,-00.000013220000, -11.60000,
,,,-00.000013200000, -10.80000,
,,,-00.000013180000,  -9.20000,
,,,-00.000013160000,  -9.20000,
,,,-00.000013140000,  -9.20000,
,,,-00.000013120000, -10.00000,
,,,-00.000013100000, -10.40000,
,,,-00.000013080000, -10.00000,
,,,-00.000013060000, -10.00000,
,,,-00.000013040000, -10.40000,
,,,-00.000013020000, -10.40000,
,,,-00.000013000000, -10.40000,
,,,-00.000012980000, -10.40000,
,,,-00.000012960000, -10.80000,
,,,-00.000012940000, -10.80000,
,,,-00.000012920000, -10.80000,
,,,-00.000012900000, -10.80000,
,,,-00.000012880000, -11.20000,
,,,-00.000012860000, -11.20000,
,,,-00.000012840000, -10.40000,
,,,-00.000012820000, -10.80000,
,,,-00.000012800000, -10.80000,
,,,-00.000012780000, -11.20000,
,,,-00.000012760000, -10.40000,
,,,-00.000012740000, -10.40000,
,,,-00.000012720000, -10.40000,
,,,-00.000012700000, -10.40000,
,,,-00.000012680000, -10.40000,
,,,-00.000012660000, -10.00000,
,,,-00.000012640000, -10.40000,
,,,-00.000012620000, -10.40000,
,,,-00.000012600000, -10.40000,
,,,-00.000012580000, -10.00000,
,,,-00.000012560000, -10.00000,
,,,-00.000012540000,  -9.60000,
,,,-00.000012520000,  -9.20000,
,,,-00.000012500000,  -9.60000,
,,,-00.000012480000,  -9.60000,
,,,-00.000012460000,  -9.20000,
,,,-00.000012440000,  -8.80000,
,,,-00.000012420000,  -8.40000,
,,,-00.000012400000,  -9.60000,
,,,-00.000012380000,  -8.40000,
,,,-00.000012360000,  -8.80000,
,,,-00.000012340000,  -8.80000,
,,,-00.000012320000,  -8.80000,
,,,-00.000012300000,  -8.40000,
,,,-00.000012280000,  -8.40000,
,,,-00.000012260000,  -8.40000,
,,,-00.000012240000,  -8.40000,
,,,-00.000012220000,  -8.00000,
,,,-00.000012200000,  -7.60000,
,,,-00.000012180000,  -7.60000,
,,,-00.000012160000,  -8.00000,
,,,-00.000012140000,  -7.60000,
,,,-00.000012120000,  -7.60000,
,,,-00.000012100000,  -8.00000,
,,,-00.000012080000,  -8.00000,
,,,-00.000012060000,  -7.60000,
,,,-00.000012040000,  -7.20000,
,,,-00.000012020000,  -7.20000,
,,,-00.000012000000,  -7.20000,
,,,-00.000011980000,  -7.20000,
,,,-00.000011960000,  -6.80000,
,,,-00.000011940000,  -6.80000,
,,,-00.000011920000,  -6.80000,
,,,-00.000011900000,  -7.20000,
,,,-00.000011880000,  -6.80000,
,,,-00.000011860000,  -6.40000,
,,,-00.000011840000,  -6.40000,
,,,-00.000011820000,  -6.40000,
,,,-00.000011800000,  -6.40000,
,,,-00.000011780000,  -6.40000,
,,,-00.000011760000,  -6.00000,
,,,-00.000011740000,  -6.40000,
,,,-00.000011720000,  -5.60000,
,,,-00.000011700000,  -6.00000,
,,,-00.000011680000,  -6.00000,
,,,-00.000011660000,  -5.60000,
,,,-00.000011640000,  -6.00000,
,,,-00.000011620000,  -6.00000,
,,,-00.000011600000,  -5.20000,
,,,-00.000011580000,  -5.60000,
,,,-00.000011560000,  -4.80000,
,,,-00.000011540000,  -5.20000,
,,,-00.000011520000,  -4.40000,
,,,-00.000011500000,  -4.80000,
,,,-00.000011480000,  -4.80000,
,,,-00.000011460000,  -4.40000,
,,,-00.000011440000,  -4.00000,
,,,-00.000011420000,  -4.40000,
,,,-00.000011400000,  -4.40000,
,,,-00.000011380000,  -4.40000,
,,,-00.000011360000,  -4.00000,
,,,-00.000011340000,  -4.00000,
,,,-00.000011320000,  -4.00000,
,,,-00.000011300000,  -4.00000,
,,,-00.000011280000,  -3.60000,
,,,-00.000011260000,  -3.60000,
,,,-00.000011240000,  -3.20000,
,,,-00.000011220000,  -3.20000,
,,,-00.000011200000,  -3.20000,
,,,-00.000011180000,  -3.20000,
,,,-00.000011160000,  -3.20000,
,,,-00.000011140000,  -3.20000,
,,,-00.000011120000,  -3.20000,
,,,-00.000011100000,  -3.60000,
,,,-00.000011080000,  -2.80000,
,,,-00.000011060000,  -3.20000,
,,,-00.000011040000,  -2.80000,
,,,-00.000011020000,  -2.40000,
,,,-00.000011000000,  -2.40000,
,,,-00.000010980000,  -2.40000,
,,,-00.000010960000,  -2.80000,
,,,-00.000010940000,  -2.00000,
,,,-00.000010920000,  -1.60000,
,,,-00.000010900000,  -2.00000,
,,,-00.000010880000,  -2.00000,
,,,-00.000010860000,  -2.00000,
,,,-00.000010840000,  -2.00000,
,,,-00.000010820000,  -1.60000,
,,,-00.000010800000,  -1.60000,
,,,-00.000010780000,  -1.20000,
,,,-00.000010760000,  -0.80000,
,,,-00.000010740000,  -1.20000,
,,,-00.000010720000,  -1.20000,
,,,-00.000010700000,  -1.20000,
,,,-00.000010680000,  -0.40000,
,,,-00.000010660000,  -0.80000,
,,,-00.000010640000,  -1.20000,
,,,-00.000010620000,  -0.80000,
,,,-00.000010600000,  -0.40000,
,,,-00.000010580000,   0.00000,
,,,-00.000010560000,  -0.40000,
,,,-00.000010540000,  -0.40000,
,,,-00.000010520000,   0.00000,
,,,-00.000010500000,   0.00000,
,,,-00.000010480000,   0.40000,
,,,-00.000010460000,   0.80000,
,,,-00.000010440000,   0.80000,
,,,-00.000010420000,   0.00000,
,,,-00.000010400000,   0.80000,
,,,-00.000010380000,   0.40000,
,,,-00.000010360000,   0.80000,
,,,-00.000010340000,   1.20000,
,,,-00.000010320000,   0.80000,
,,,-00.000010300000,   0.80000,
,,,-00.000010280000,   0.80000,
,,,-00.000010260000,   1.20000,
,,,-00.000010240000,   1.20000,
,,,-00.000010220000,   1.60000,
,,,-00.000010200000,   1.60000,
,,,-00.000010180000,   1.60000,
,,,-00.000010160000,   1.60000,
,,,-00.000010140000,   1.60000,
,,,-00.000010120000,   2.00000,
,,,-00.000010100000,   1.60000,
,,,-00.000010080000,   1.60000,
,,,-00.000010060000,   2.00000,
,,,-00.000010040000,   2.00000,
,,,-00.000010020000,   2.40000,
,,,-00.000010000000,   2.40000,
,,,-00.000009980000,   2.80000,
,,,-00.000009960000,   2.80000,
,,,-00.000009940000,   2.80000,
,,,-00.000009920000,   2.40000,
,,,-00.000009900000,   2.80000,
,,,-00.000009880000,   3.20000,
,,,-00.000009860000,   3.20000,
,,,-00.000009840000,   3.20000,
,,,-00.000009820000,   3.20000,
,,,-00.000009800000,   3.20000,
,,,-00.000009780000,   3.60000,
,,,-00.000009760000,   3.60000,
,,,-00.000009740000,   3.60000,
,,,-00.000009720000,   3.60000,
,,,-00.000009700000,   4.00000,
,,,-00.000009680000,   4.00000,
,,,-00.000009660000,   3.20000,
,,,-00.000009640000,   4.00000,
,,,-00.000009620000,   4.00000,
,,,-00.000009600000,   4.40000,
,,,-00.000009580000,   4.40000,
,,,-00.000009560000,   4.80000,
,,,-00.000009540000,   4.40000,
,,,-00.000009520000,   4.80000,
,,,-00.000009500000,   5.20000,
,,,-00.000009480000,   4.80000,
,,,-00.000009460000,   5.20000,
,,,-00.000009440000,   5.20000,
,,,-00.000009420000,   5.20000,
,,,-00.000009400000,   5.20000,
,,,-00.000009380000,   5.60000,
,,,-00.000009360000,   5.20000,
,,,-00.000009340000,   5.60000,
,,,-00.000009320000,   5.60000,
,,,-00.000009300000,   5.60000,
,,,-00.000009280000,   5.60000,
,,,-00.000009260000,   6.00000,
,,,-00.000009240000,   6.00000,
,,,-00.000009220000,   6.40000,
,,,-00.000009200000,   6.40000,
,,,-00.000009180000,   6.40000,
,,,-00.000009160000,   6.40000,
,,,-00.000009140000,   6.80000,
,,,-00.000009120000,   6.80000,
,,,-00.000009100000,   6.80000,
,,,-00.000009080000,   7.20000,
,,,-00.000009060000,   6.80000,
,,,-00.000009040000,   6.80000,
,,,-00.000009020000,   7.20000,
,,,-00.000009000000,   7.20000,
,,,-00.000008980000,   6.80000,
,,,-00.000008960000,   7.60000,
,,,-00.000008940000,   7.60000,
,,,-00.000008920000,   7.60000,
,,,-00.000008900000,   7.60000,
,,,-00.000008880000,   8.00000,
,,,-00.000008860000,   7.60000,
,,,-00.000008840000,   8.00000,
,,,-00.000008820000,   8.00000,
,,,-00.000008800000,   8.00000,
,,,-00.000008780000,   8.40000,
,,,-00.000008760000,   8.40000,
,,,-00.000008740000,   8.40000,
,,,-00.000008720000,   8.80000,
,,,-00.000008700000,   8.80000,
,,,-00.000008680000,   8.80000,
,,,-00.000008660000,   8.80000,
,,,-00.000008640000,   9.20000,
,,,-00.000008620000,   8.80000,
,,,-00.000008600000,   9.60000,
,,,-00.000008580000,   9.20000,
,,,-00.000008560000,   9.20000,
,,,-00.000008540000,   9.60000,
,,,-00.000008520000,   9.60000,
,,,-00.000008500000,   9.60000,
,,,-00.000008480000,  10.00000,
,,,-00.000008460000,  10.00000,
,,,-00.000008440000,   9.20000,
,,,-00.000008420000,   9.60000,
,,,-00.000008400000,  10.00000,
,,,-00.000008380000,  10.00000,
,,,-00.000008360000,  10.40000,
,,,-00.000008340000,  10.40000,
,,,-00.000008320000,  10.40000,
,,,-00.000008300000,  10.40000,
,,,-00.000008280000,  10.80000,
,,,-00.000008260000,  10.80000,
,,,-00.000008240000,  10.80000,
,,,-00.000008220000,  10.80000,
,,,-00.000008200000,  12.40000,
,,,-00.000008180000,  12.00000,
,,,-00.000008160000,  12.40000,
,,,-00.000008140000,  12.80000,
,,,-00.000008120000,  13.20000,
,,,-00.000008100000,  12.40000,
,,,-00.000008080000,  12.40000,
,,,-00.000008060000,  12.00000,
,,,-00.000008040000,  12.80000,
,,,-00.000008020000,  11.60000,
,,,-00.000008000000,  12.40000,
,,,-00.000007980000,  12.00000,
,,,-00.000007960000,  12.00000,
,,,-00.000007940000,  12.00000,
,,,-00.000007920000,  11.60000,
,,,-00.000007900000,  11.60000,
,,,-00.000007880000,  11.60000,
,,,-00.000007860000,  11.20000,
,,,-00.000007840000,  11.60000,
,,,-00.000007820000,  11.60000,
,,,-00.000007800000,  11.60000,
,,,-00.000007780000,  10.80000,
,,,-00.000007760000,  11.20000,
,,,-00.000007740000,  11.20000,
,,,-00.000007720000,  10.80000,
,,,-00.000007700000,  10.80000,
,,,-00.000007680000,  10.40000,
,,,-00.000007660000,  10.80000,
,,,-00.000007640000,  10.00000,
,,,-00.000007620000,  10.40000,
,,,-00.000007600000,  10.40000,
,,,-00.000007580000,   9.60000,
,,,-00.000007560000,  10.40000,
,,,-00.000007540000,  10.40000,
,,,-00.000007520000,  10.00000,
,,,-00.000007500000,  10.00000,
,,,-00.000007480000,   9.20000,
,,,-00.000007460000,   9.60000,
,,,-00.000007440000,   9.20000,
,,,-00.000007420000,   9.60000,
,,,-00.000007400000,   9.20000,
,,,-00.000007380000,   9.20000,
,,,-00.000007360000,   9.20000,
,,,-00.000007340000,   9.20000,
,,,-00.000007320000,   8.80000,
,,,-00.000007300000,   8.80000,
,,,-00.000007280000,   9.20000,
,,,-00.000007260000,   8.80000,
,,,-00.000007240000,   8.40000,
,,,-00.000007220000,   8.40000,
,,,-00.000007200000,   8.80000,
,,,-00.000007180000,   8.00000,
,,,-00.000007160000,   8.40000,
,,,-00.000007140000,   8.00000,
,,,-00.000007120000,   7.60000,
,,,-00.000007100000,   7.60000,
,,,-00.000007080000,   7.60000,
,,,-00.000007060000,   7.60000,
,,,-00.000007040000,   8.00000,
,,,-00.000007020000,   7.20000,
,,,-00.000007000000,   7.20000,
,,,-00.000006980000,   6.80000,
,,,-00.000006960000,   7.20000,
,,,-00.000006940000,   6.80000,
,,,-00.000006920000,   6.80000,
,,,-00.000006900000,   6.80000,
,,,-00.000006880000,   6.80000,
,,,-00.000006860000,   6.80000,
,,,-00.000006840000,   6.40000,
,,,-00.000006820000,   6.40000,
,,,-00.000006800000,   6.00000,
,,,-00.000006780000,   6.00000,
,,,-00.000006760000,   6.40000,
,,,-00.000006740000,   5.60000,
,,,-00.000006720000,   6.00000,
,,,-00.000006700000,   5.60000,
,,,-00.000006680000,   5.60000,
,,,-00.000006660000,   5.60000,
,,,-00.000006640000,   5.60000,
,,,-00.000006620000,   5.60000,
,,,-00.000006600000,   4.80000,
,,,-00.000006580000,   5.20000,
,,,-00.000006560000,   5.20000,
,,,-00.000006540000,   4.40000,
,,,-00.000006520000,   4.80000,
,,,-00.000006500000,   4.80000,
,,,-00.000006480000,   4.80000,
,,,-00.000006460000,   4.40000,
,,,-00.000006440000,   4.40000,
,,,-00.000006420000,   4.00000,
,,,-00.000006400000,   4.40000,
,,,-00.000006380000,   4.00000,
,,,-00.000006360000,   4.00000,
,,,-00.000006340000,   4.00000,
,,,-00.000006320000,   3.60000,
,,,-00.000006300000,   4.00000,
,,,-00.000006280000,   3.60000,
,,,-00.000006260000,   3.60000,
,,,-00.000006240000,   3.20000,
,,,-00.000006220000,   3.20000,
,,,-00.000006200000,   3.20000,
,,,-00.000006180000,   2.80000,
,,,-00.000006160000,   2.80000,
,,,-00.000006140000,   3.20000,
,,,-00.000006120000,   2.80000,
,,,-00.000006100000,   2.80000,
,,,-00.000006080000,   2.40000,
,,,-00.000006060000,   2.80000,
,,,-00.000006040000,   2.40000,
,,,-00.000006020000,   2.00000,
,,,-00.000006000000,   2.80000,
,,,-00.000005980000,   2.00000,
,,,-00.000005960000,   2.40000,
,,,-00.000005940000,   1.60000,
,,,-00.000005920000,   2.00000,
,,,-00.000005900000,   1.60000,
,,,-00.000005880000,   1.20000,
,,,-00.000005860000,   1.60000,
,,,-00.000005840000,   1.20000,
,,,-00.000005820000,   1.20000,
,,,-00.000005800000,   1.20000,
,,,-00.000005780000,   0.80000,
,,,-00.000005760000,   0.80000,
,,,-00.000005740000,   0.80000,
,,,-00.000005720000,   1.20000,
,,,-00.000005700000,   0.80000,
,,,-00.000005680000,   1.20000,
,,,-00.000005660000,   0.40000,
,,,-00.000005640000,   0.80000,
,,,-00.000005620000,   0.40000,
,,,-00.000005600000,   0.40000,
,,,-00.000005580000,   0.00000,
,,,-00.000005560000,   0.00000,
,,,-00.000005540000,  -0.40000,
,,,-00.000005520000,  -0.40000,
,,,-00.000005500000,  -0.80000,
,,,-00.000005480000,  -0.80000,
,,,-00.000005460000,  -0.40000,
,,,-00.000005440000,  -0.80000,
,,,-00.000005420000,  -0.40000,
,,,-00.000005400000,  -0.80000,
,,,-00.000005380000,  -1.20000,
,,,-00.000005360000,  -1.20000,
,,,-00.000005340000,  -1.20000,
,,,-00.000005320000,  -0.80000,
,,,-00.000005300000,  -1.20000,
,,,-00.000005280000,  -1.60000,
,,,-00.000005260000,  -1.20000,
,,,-00.000005240000,  -1.60000,
,,,-00.000005220000,  -1.60000,
,,,-00.000005200000,  -2.00000,
,,,-00.000005180000,  -2.00000,
,,,-00.000005160000,  -1.60000,
,,,-00.000005140000,  -2.40000,
,,,-00.000005120000,  -2.40000,
,,,-00.000005100000,  -2.00000,
,,,-00.000005080000,  -2.80000,
,,,-00.000005060000,  -2.40000,
,,,-00.000005040000,  -2.80000,
,,,-00.000005020000,  -3.20000,
,,,-00.000005000000,  -2.80000,
,,,-00.000004980000,  -2.80000,
,,,-00.000004960000,  -3.20000,
,,,-00.000004940000,  -2.80000,
,,,-00.000004920000,  -3.60000,
,,,-00.000004900000,  -3.60000,
,,,-00.000004880000,  -3.60000,
,,,-00.000004860000,  -4.00000,
,,,-00.000004840000,  -4.00000,
,,,-00.000004820000,  -3.60000,
,,,-00.000004800000,  -4.00000,
,,,-00.000004780000,  -3.60000,
,,,-00.000004760000,  -4.00000,
,,,-00.000004740000,  -4.00000,
,,,-00.000004720000,  -4.40000,
,,,-00.000004700000,  -4.80000,
,,,-00.000004680000,  -4.00000,
,,,-00.000004660000,  -4.40000,
,,,-00.000004640000,  -4.80000,
,,,-00.000004620000,  -4.80000,
,,,-00.000004600000,  -4.80000,
,,,-00.000004580000,  -4.40000,
,,,-00.000004560000,  -4.80000,
,,,-00.000004540000,  -4.80000,
,,,-00.000004520000,  -5.20000,
,,,-00.000004500000,  -5.20000,
,,,-00.000004480000,  -6.00000,
,,,-00.000004460000,  -5.60000,
,,,-00.000004440000,  -5.60000,
,,,-00.000004420000,  -5.60000,
,,,-00.000004400000,  -6.00000,
,,,-00.000004380000,  -6.40000,
,,,-00.000004360000,  -6.00000,
,,,-00.000004340000,  -6.00000,
,,,-00.000004320000,  -6.40000,
,,,-00.000004300000,  -6.00000,
,,,-00.000004280000,  -6.40000,
,,,-00.000004260000,  -6.40000,
,,,-00.000004240000,  -6.40000,
,,,-00.000004220000,  -6.80000,
,,,-00.000004200000,  -6.80000,
,,,-00.000004180000,  -6.80000,
,,,-00.000004160000,  -7.20000,
,,,-00.000004140000,  -7.20000,
,,,-00.000004120000,  -7.20000,
,,,-00.000004100000,  -7.20000,
,,,-00.000004080000,  -7.60000,
,,,-00.000004060000,  -7.60000,
,,,-00.000004040000,  -7.20000,
,,,-00.000004020000,  -7.60000,
,,,-00.000004000000,  -7.60000,
,,,-00.000003980000,  -8.00000,
,,,-00.000003960000,  -7.60000,
,,,-00.000003940000,  -8.40000,
,,,-00.000003920000,  -8.40000,
,,,-00.000003900000,  -8.40000,
,,,-00.000003880000,  -8.40000,
,,,-00.000003860000,  -8.80000,
,,,-00.000003840000,  -8.80000,
,,,-00.000003820000,  -8.40000,
,,,-00.000003800000,  -8.40000,
,,,-00.000003780000,  -9.20000,
,,,-00.000003760000,  -9.20000,
,,,-00.000003740000,  -9.20000,
,,,-00.000003720000,  -9.20000,
,,,-00.000003700000,  -9.20000,
,,,-00.000003680000, -10.00000,
,,,-00.000003660000,  -9.60000,
,,,-00.000003640000, -10.00000,
,,,-00.000003620000, -10.00000,
,,,-00.000003600000, -10.00000,
,,,-00.000003580000, -10.00000,
,,,-00.000003560000, -10.00000,
,,,-00.000003540000, -10.00000,
,,,-00.000003520000, -10.00000,
,,,-00.000003500000, -10.80000,
,,,-00.000003480000, -10.00000,
,,,-00.000003460000, -10.40000,
,,,-00.000003440000, -10.80000,
,,,-00.000003420000, -10.80000,
,,,-00.000003400000, -11.20000,
,,,-00.000003380000, -10.80000,
,,,-00.000003360000, -11.20000,
,,,-00.000003340000, -11.20000,
,,,-00.000003320000, -11.20000,
,,,-00.000003300000, -11.60000,
,,,-00.000003280000, -11.60000,
,,,-00.000003260000, -11.60000,
,,,-00.000003240000, -11.60000,
,,,-00.000003220000, -12.00000,
,,,-00.000003200000, -10.80000,
,,,-00.000003180000,  -9.60000,
,,,-00.000003160000,  -9.20000,
,,,-00.000003140000,  -9.20000,
,,,-00.000003120000,  -9.60000,
,,,-00.000003100000, -10.00000,
,,,-00.000003080000,  -9.60000,
,,,-00.000003060000, -10.40000,
,,,-00.000003040000, -10.40000,
,,,-00.000003020000, -10.40000,
,,,-00.000003000000, -10.40000,
,,,-00.000002980000, -10.40000,
,,,-00.000002960000, -10.80000,
,,,-00.000002940000, -10.40000,
,,,-00.000002920000, -10.80000,
,,,-00.000002900000, -10.80000,
,,,-00.000002880000, -10.80000,
,,,-00.000002860000, -10.80000,
,,,-00.000002840000, -11.20000,
,,,-00.000002820000, -10.40000,
,,,-00.000002800000, -10.00000,
,,,-00.000002780000, -10.40000,
,,,-00.000002760000, -10.40000,
,,,-00.000002740000, -10.40000,
,,,-00.000002720000, -10.40000,
,,,-00.000002700000, -10.00000,
,,,-00.000002680000, -10.80000,
,,,-00.000002660000, -10.40000,
,,,-00.000002640000, -10.00000,
,,,-00.000002620000,  -9.60000,
,,,-00.000002600000, -10.00000,
,,,-00.000002580000, -10.40000,
,,,-00.000002560000,  -9.60000,
,,,-00.000002540000, -10.00000,
,,,-00.000002520000,  -9.20000,
,,,-00.000002500000,  -9.20000,
,,,-00.000002480000,  -9.20000,
,,,-00.000002460000,  -9.20000,
,,,-00.000002440000,  -9.60000,
,,,-00.000002420000,  -9.20000,
,,,-00.000002400000,  -9.20000,
,,,-00.000002380000,  -8.80000,
,,,-00.000002360000,  -8.80000,
,,,-00.000002340000,  -8.80000,
,,,-00.000002320000,  -8.80000,
,,,-00.000002300000,  -8.80000,
,,,-00.000002280000,  -8.40000,
,,,-00.000002260000,  -8.40000,
,,,-00.000002240000,  -8.40000,
,,,-00.000002220000,  -8.00000,
,,,-00.000002200000,  -8.40000,
,,,-00.000002180000,  -8.00000,
,,,-00.000002160000,  -7.60000,
,,,-00.000002140000,  -7.60000,
,,,-00.000002120000,  -8.00000,
,,,-00.000002100000,  -8.00000,
,,,-00.000002080000,  -8.00000,
,,,-00.000002060000,  -7.60000,
,,,-00.000002040000,  -7.60000,
,,,-00.000002020000,  -7.20000,
,,,-00.000002000000,  -7.20000,
,,,-00.000001980000,  -7.20000,
,,,-00.000001960000,  -7.20000,
,,,-00.000001940000,  -7.20000,
,,,-00.000001920000,  -6.80000,
,,,-00.000001900000,  -6.40000,
,,,-00.000001880000,  -7.20000,
,,,-00.000001860000,  -6.80000,
,,,-00.000001840000,  -6.80000,
,,,-00.000001820000,  -6.80000,
,,,-00.000001800000,  -6.40000,
,,,-00.000001780000,  -5.60000,
,,,-00.000001760000,  -6.40000,
,,,-00.000001740000,  -6.00000,
,,,-00.000001720000,  -5.60000,
,,,-00.000001700000,  -5.20000,
,,,-00.000001680000,  -5.60000,
,,,-00.000001660000,  -5.20000,
,,,-00.000001640000,  -5.60000,
,,,-00.000001620000,  -5.60000,
,,,-00.000001600000,  -5.20000,
,,,-00.000001580000,  -5.20000,
,,,-00.000001560000,  -5.20000,
,,,-00.000001540000,  -4.80000,
,,,-00.000001520000,  -4.80000,
,,,-00.000001500000,  -4.80000,
,,,-00.000001480000,  -4.40000,
,,,-00.000001460000,  -4.80000,
,,,-00.000001440000,  -4.40000,
,,,-00.000001420000,  -4.40000,
,,,-00.000001400000,  -4.00000,
,,,-00.000001380000,  -4.40000,
,,,-00.000001360000,  -4.40000,
,,,-00.000001340000,  -4.00000,
,,,-00.000001320000,  -3.60000,
,,,-00.000001300000,  -4.00000,
,,,-00.000001280000,  -4.00000,
,,,-00.000001260000,  -3.60000,
,,,-00.000001240000,  -3.60000,
,,,-00.000001220000,  -3.60000,
,,,-00.000001200000,  -4.00000,
,,,-00.000001180000,  -3.60000,
,,,-00.000001160000,  -3.60000,
,,,-00.000001140000,  -3.20000,
,,,-00.000001120000,  -3.20000,
,,,-00.000001100000,  -2.40000,
,,,-00.000001080000,  -3.20000,
,,,-00.000001060000,  -2.40000,
,,,-00.000001040000,  -2.80000,
,,,-00.000001020000,  -2.00000,
,,,-00.000001000000,  -2.00000,
,,,-00.000000980000,  -2.40000,
,,,-00.000000960000,  -2.00000,
,,,-00.000000940000,  -2.80000,
,,,-00.000000920000,  -2.40000,
,,,-00.000000900000,  -1.60000,
,,,-00.000000880000,  -1.60000,
,,,-00.000000860000,  -1.20000,
,,,-00.000000840000,  -1.60000,
,,,-00.000000820000,  -1.20000,
,,,-00.000000800000,  -1.60000,
,,,-00.000000780000,  -1.20000,
,,,-00.000000760000,  -1.20000,
,,,-00.000000740000,  -1.20000,
,,,-00.000000720000,  -1.20000,
,,,-00.000000700000,  -1.20000,
,,,-00.000000680000,  -0.80000,
,,,-00.000000660000,  -0.40000,
,,,-00.000000640000,   0.00000,
,,,-00.000000620000,  -0.80000,
,,,-00.000000600000,  -0.40000,
,,,-00.000000580000,   0.00000,
,,,-00.000000560000,   0.00000,
,,,-00.000000540000,   0.40000,
,,,-00.000000520000,  -0.40000,
,,,-00.000000500000,   0.40000,
,,,-00.000000480000,   0.00000,
,,,-00.000000460000,   0.40000,
,,,-00.000000440000,   0.40000,
,,,-00.000000420000,   0.40000,
,,,-00.000000400000,   0.80000,
,,,-00.000000380000,   0.40000,
,,,-00.000000360000,   1.20000,
,,,-00.000000340000,   0.80000,
,,,-00.000000320000,   0.80000,
,,,-00.000000300000,   1.20000,
,,,-00.000000280000,   1.20000,
,,,-00.000000260000,   1.60000,
,,,-00.000000240000,   1.20000,
,,,-00.000000220000,   1.60000,
,,,-00.000000200000,   0.80000,
,,,-00.000000180000,   2.00000,
,,,-00.000000160000,   1.20000,
,,,-00.000000140000,   2.00000,
,,,-00.000000120000,   2.00000,
,,,-00.000000100000,   1.60000,
,,,-00.000000080000,   2.00000,
,,,-00.000000060000,   2.40000,
,,,-00.000000040000,   2.00000,
,,,-00.000000020000,   2.40000,
,,,-00.000000000000,   2.40000,
,,,00.000000020000,   2.80000,
,,,00.000000040000,   2.80000,
,,,00.000000060000,   2.80000,
,,,00.000000080000,   2.80000,
,,,00.000000100000,   2.80000,
,,,00.000000120000,   3.20000,
,,,00.000000140000,   3.20000,
,,,00.000000160000,   3.20000,
,,,00.000000180000,   3.20000,
,,,00.000000200000,   3.60000,
,,,00.000000220000,   3.60000,
,,,00.000000240000,   3.60000,
,,,00.000000260000,   3.60000,
,,,00.000000280000,   4.00000,
,,,00.000000300000,   4.00000,
,,,00.000000320000,   4.40000,
,,,00.000000340000,   4.00000,
,,,00.000000360000,   4.00000,
,,,00.000000380000,   4.00000,
,,,00.000000400000,   4.80000,
,,,00.000000420000,   4.40000,
,,,00.000000440000,   4.80000,
,,,00.000000460000,   4.40000,
,,,00.000000480000,   4.80000,
,,,00.000000500000,   4.80000,
,,,00.000000520000,   5.20000,
,,,00.000000540000,   5.20000,
,,,00.000000560000,   4.80000,
,,,00.000000580000,   5.60000,
,,,00.000000600000,   5.20000,
,,,00.000000620000,   6.00000,
,,,00.000000640000,   5.20000,
,,,00.000000660000,   6.00000,
,,,00.000000680000,   5.60000,
,,,00.000000700000,   6.00000,
,,,00.000000720000,   5.60000,
,,,00.000000740000,   6.40000,
,,,00.000000760000,   6.40000,
,,,00.000000780000,   6.40000,
,,,00.000000800000,   6.40000,
,,,00.000000820000,   6.80000,
,,,00.000000840000,   6.40000,
,,,00.000000860000,   6.80000,
,,,00.000000880000,   6.80000,
,,,00.000000900000,   7.20000,
,,,00.000000920000,   6.80000,
,,,00.000000940000,   6.80000,
,,,00.000000960000,   6.80000,
,,,00.000000980000,   7.20000,
,,,00.000001000000,   7.60000,
,,,00.000001020000,   7.60000,
,,,00.000001040000,   7.60000,
,,,00.000001060000,   7.60000,
,,,00.000001080000,   8.00000,
,,,00.000001100000,   7.60000,
,,,00.000001120000,   8.00000,
,,,00.000001140000,   8.40000,
,,,00.000001160000,   8.00000,
,,,00.000001180000,   8.40000,
,,,00.000001200000,   8.00000,
,,,00.000001220000,   8.40000,
,,,00.000001240000,   8.00000,
,,,00.000001260000,   8.80000,
,,,00.000001280000,   8.80000,
,,,00.000001300000,   8.40000,
,,,00.000001320000,   8.40000,
,,,00.000001340000,   9.20000,
,,,00.000001360000,   8.80000,
,,,00.000001380000,   9.20000,
,,,00.000001400000,   9.20000,
,,,00.000001420000,   9.20000,
,,,00.000001440000,   9.60000,
,,,00.000001460000,   9.20000,
,,,00.000001480000,   9.60000,
,,,00.000001500000,   9.20000,
,,,00.000001520000,   9.60000,
,,,00.000001540000,  10.00000,
,,,00.000001560000,   9.60000,
,,,00.000001580000,  10.40000,
,,,00.000001600000,  10.00000,
,,,00.000001620000,  10.40000,
,,,00.000001640000,  10.40000,
,,,00.000001660000,  10.00000,
,,,00.000001680000,  10.80000,
,,,00.000001700000,  10.80000,
,,,00.000001720000,  11.20000,
,,,00.000001740000,  10.40000,
,,,00.000001760000,  10.80000,
,,,00.000001780000,  11.20000,
,,,00.000001800000,  12.40000,
,,,00.000001820000,  12.00000,
,,,00.000001840000,  12.40000,
,,,00.000001860000,  12.40000,
,,,00.000001880000,  12.40000,
,,,00.000001900000,  12.80000,
,,,00.000001920000,  12.80000,
,,,00.000001940000,  12.40000,
,,,00.000001960000,  12.40000,
,,,00.000001980000,  12.40000,
,,,00.000002000000,  12.40000,
,,,00.000002020000,  12.00000,
,,,00.000002040000,  12.40000,
,,,00.000002060000,  12.00000,
,,,00.000002080000,  12.00000,
,,,00.000002100000,  12.00000,
,,,00.000002120000,  11.20000,
,,,00.000002140000,  11.60000,
,,,00.000002160000,  11.60000,
,,,00.000002180000,  11.20000,
,,,00.000002200000,  11.60000,
,,,00.000002220000,  11.20000,
,,,00.000002240000,  10.80000,
,,,00.000002260000,  10.40000,
,,,00.000002280000,  11.20000,
,,,00.000002300000,  11.20000,
,,,00.000002320000,  10.40000,
,,,00.000002340000,  10.40000,
,,,00.000002360000,  10.80000,
,,,00.000002380000,  10.80000,
,,,00.000002400000,  10.00000,
,,,00.000002420000,  10.00000,
,,,00.000002440000,  10.40000,
,,,00.000002460000,  10.00000,
,,,00.000002480000,  10.00000,
,,,00.000002500000,  10.00000,
,,,00.000002520000,   9.60000,
,,,00.000002540000,   9.60000,
,,,00.000002560000,   9.60000,
,,,00.000002580000,   9.60000,
,,,00.000002600000,   9.60000,
,,,00.000002620000,   9.20000,
,,,00.000002640000,   9.60000,
,,,00.000002660000,   9.20000,
,,,00.000002680000,   8.80000,
,,,00.000002700000,   8.80000,
,,,00.000002720000,   8.80000,
,,,00.000002740000,   8.40000,
,,,00.000002760000,   8.80000,
,,,00.000002780000,   8.00000,
,,,00.000002800000,   8.40000,
,,,00.000002820000,   8.40000,
,,,00.000002840000,   8.40000,
,,,00.000002860000,   8.40000,
,,,00.000002880000,   7.60000,
,,,00.000002900000,   8.00000,
,,,00.000002920000,   7.60000,
,,,00.000002940000,   7.60000,
,,,00.000002960000,   7.60000,
,,,00.000002980000,   7.60000,
,,,00.000003000000,   7.20000,
,,,00.000003020000,   7.20000,
,,,00.000003040000,   6.80000,
,,,00.000003060000,   6.80000,
,,,00.000003080000,   6.80000,
,,,00.000003100000,   6.80000,
,,,00.000003120000,   6.80000,
,,,00.000003140000,   6.80000,
,,,00.000003160000,   6.40000,
,,,00.000003180000,   6.40000,
,,,00.000003200000,   6.00000,
,,,00.000003220000,   6.00000,
,,,00.000003240000,   6.40000,
,,,00.000003260000,   5.60000,
,,,00.000003280000,   5.60000,
,,,00.000003300000,   5.60000,
,,,00.000003320000,   6.00000,
,,,00.000003340000,   5.20000,
,,,00.000003360000,   5.20000,
,,,00.000003380000,   5.60000,
,,,00.000003400000,   5.60000,
,,,00.000003420000,   5.60000,
,,,00.000003440000,   4.80000,
,,,00.000003460000,   4.80000,
,,,00.000003480000,   4.80000,
,,,00.000003500000,   4.80000,
,,,00.000003520000,   5.20000,
,,,00.000003540000,   4.00000,
,,,00.000003560000,   4.40000,
,,,00.000003580000,   4.40000,
,,,00.000003600000,   4.40000,
,,,00.000003620000,   4.40000,
,,,00.000003640000,   4.00000,
,,,00.000003660000,   3.60000,
,,,00.000003680000,   3.60000,
,,,00.000003700000,   3.60000,
,,,00.000003720000,   4.00000,
,,,00.000003740000,   3.60000,
,,,00.000003760000,   3.20000,
,,,00.000003780000,   2.80000,
,,,00.000003800000,   3.60000,
,,,00.000003820000,   3.20000,
,,,00.000003840000,   3.20000,
,,,00.000003860000,   2.80000,
,,,00.000003880000,   2.40000,
,,,00.000003900000,   3.20000,
,,,00.000003920000,   2.80000,
,,,00.000003940000,   2.80000,
,,,00.000003960000,   2.80000,
,,,00.000003980000,   2.00000,
,,,00.000004000000,   2.40000,
,,,00.000004020000,   2.00000,
,,,00.000004040000,   2.00000,
,,,00.000004060000,   2.00000,
,,,00.000004080000,   1.60000,
,,,00.000004100000,   1.60000,
,,,00.000004120000,   2.00000,
,,,00.000004140000,   1.60000,
,,,00.000004160000,   1.20000,
,,,00.000004180000,   1.60000,
,,,00.000004200000,   1.20000,
,,,00.000004220000,   0.80000,
,,,00.000004240000,   0.80000,
,,,00.000004260000,   1.20000,
,,,00.000004280000,   1.20000,
,,,00.000004300000,   0.80000,
,,,00.000004320000,   0.40000,
,,,00.000004340000,   0.80000,
,,,00.000004360000,   0.80000,
,,,00.000004380000,   0.40000,
,,,00.000004400000,   0.40000,
,,,00.000004420000,   0.40000,
,,,00.000004440000,   0.00000,
,,,00.000004460000,  -0.40000,
,,,00.000004480000,  -0.80000,
,,,00.000004500000,   0.00000,
,,,00.000004520000,  -0.40000,
,,,00.000004540000,   0.00000,
,,,00.000004560000,  -0.80000,
,,,00.000004580000,  -0.40000,
,,,00.000004600000,  -0.80000,
,,,00.000004620000,  -0.80000,
,,,00.000004640000,  -0.80000,
,,,00.000004660000,  -1.20000,
,,,00.000004680000,  -1.20000,
,,,00.000004700000,  -1.20000,
,,,00.000004720000,  -1.60000,
,,,00.000004740000,  -1.60000,
,,,00.000004760000,  -1.60000,
,,,00.000004780000,  -1.60000,
,,,00.000004800000,  -1.60000,
,,,00.000004820000,  -2.00000,
,,,00.000004840000,  -2.00000,
,,,00.000004860000,  -2.40000,
,,,00.000004880000,  -2.00000,
,,,00.000004900000,  -2.40000,
,,,00.000004920000,  -2.40000,
,,,00.000004940000,  -2.40000,
,,,00.000004960000,  -2.40000,
,,,00.000004980000,  -2.80000,
,,,00.000005000000,  -3.20000,
,,,00.000005020000,  -3.20000,
,,,00.000005040000,  -3.20000,
,,,00.000005060000,  -3.20000,
,,,00.000005080000,  -3.20000,
,,,00.000005100000,  -3.60000,
,,,00.000005120000,  -3.60000,
,,,00.000005140000,  -3.20000,
,,,00.000005160000,  -3.60000,
,,,00.000005180000,  -3.60000,
,,,00.000005200000,  -3.60000,
,,,00.000005220000,  -3.60000,
,,,00.000005240000,  -3.60000,
,,,00.000005260000,  -4.40000,
,,,00.000005280000,  -4.40000,
,,,00.000005300000,  -4.40000,
,,,00.000005320000,  -4.40000,
,,,00.000005340000,  -4.80000,
,,,00.000005360000,  -4.80000,
,,,00.000005380000,  -4.40000,
,,,00.000005400000,  -4.40000,
,,,00.000005420000,  -5.20000,
,,,00.000005440000,  -4.80000,
,,,00.000005460000,  -5.20000,
,,,00.000005480000,  -5.20000,
,,,00.000005500000,  -4.80000,
,,,00.000005520000,  -5.60000,
,,,00.000005540000,  -6.00000,
,,,00.000005560000,  -5.60000,
,,,00.000005580000,  -5.60000,
,,,00.000005600000,  -6.00000,
,,,00.000005620000,  -6.00000,
,,,00.000005640000,  -6.00000,
,,,00.000005660000,  -6.00000,
,,,00.000005680000,  -6.80000,
,,,00.000005700000,  -6.40000,
,,,00.000005720000,  -6.40000,
,,,00.000005740000,  -6.80000,
,,,00.000005760000,  -6.40000,
,,,00.000005780000,  -6.40000,
,,,00.000005800000,  -7.20000,
,,,00.000005820000,  -7.20000,
,,,00.000005840000,  -7.20000,
,,,00.000005860000,  -7.20000,
,,,00.000005880000,  -7.20000,
,,,00.000005900000,  -7.60000,
,,,00.000005920000,  -7.60000,
,,,00.000005940000,  -7.60000,
,,,00.000005960000,  -8.00000,
,,,00.000005980000,  -7.60000,
,,,00.000006000000,  -8.00000,
,,,00.000006020000,  -8.40000,
,,,00.000006040000,  -8.00000,
,,,00.000006060000,  -8.00000,
,,,00.000006080000,  -8.00000,
,,,00.000006100000,  -8.00000,
,,,00.000006120000,  -8.00000,
,,,00.000006140000,  -8.00000,
,,,00.000006160000,  -8.80000,
,,,00.000006180000,  -9.20000,
,,,00.000006200000,  -8.40000,
,,,00.000006220000,  -9.20000,
,,,00.000006240000,  -9.20000,
,,,00.000006260000,  -9.60000,
,,,00.000006280000,  -9.60000,
,,,00.000006300000,  -9.20000,
,,,00.000006320000,  -9.20000,
,,,00.000006340000,  -9.60000,
,,,00.000006360000,  -9.60000,
,,,00.000006380000, -10.00000,
,,,00.000006400000,  -9.60000,
,,,00.000006420000, -10.00000,
,,,00.000006440000, -10.00000,
,,,00.000006460000, -10.00000,
,,,00.000006480000, -10.40000,
,,,00.000006500000, -10.80000,
,,,00.000006520000, -10.40000,
,,,00.000006540000, -10.40000,
,,,00.000006560000, -10.40000,
,,,00.000006580000, -10.40000,
,,,00.000006600000, -11.20000,
,,,00.000006620000, -11.20000,
,,,00.000006640000, -11.20000,
,,,00.000006660000, -10.80000,
,,,00.000006680000, -11.20000,
,,,00.000006700000, -11.60000,
,,,00.000006720000, -11.60000,
,,,00.000006740000, -12.00000,
,,,00.000006760000, -12.40000,
,,,00.000006780000, -12.00000,
,,,00.000006800000, -10.40000,
,,,00.000006820000,  -9.60000,
,,,00.000006840000,  -9.60000,
,,,00.000006860000,  -9.60000,
,,,00.000006880000,  -9.60000,
,,,00.000006900000, -10.00000,
,,,00.000006920000, -10.00000,
,,,00.000006940000, -10.00000,
,,,00.000006960000, -10.40000,
,,,00.000006980000, -10.80000,
,,,00.000007000000, -10.80000,
,,,00.000007020000, -10.80000,
,,,00.000007040000, -10.80000,
,,,00.000007060000, -10.80000,
,,,00.000007080000, -10.80000,
,,,00.000007100000, -10.00000,
,,,00.000007120000, -11.20000,
,,,00.000007140000, -10.40000,
,,,00.000007160000, -11.20000,
,,,00.000007180000, -10.80000,
,,,00.000007200000, -10.80000,
,,,00.000007220000, -10.80000,
,,,00.000007240000, -10.80000,
,,,00.000007260000, -10.40000,
,,,00.000007280000, -10.00000,
,,,00.000007300000, -10.40000,
,,,00.000007320000, -10.40000,
,,,00.000007340000, -10.00000,
,,,00.000007360000, -10.00000,
,,,00.000007380000,  -9.60000,
,,,00.000007400000, -10.00000,
,,,00.000007420000,  -9.60000,
,,,00.000007440000,  -9.60000,
,,,00.000007460000,  -9.60000,
,,,00.000007480000,  -8.80000,
,,,00.000007500000,  -9.60000,
,,,00.000007520000,  -9.20000,
,,,00.000007540000,  -9.20000,
,,,00.000007560000,  -9.60000,
,,,00.000007580000,  -8.80000,
,,,00.000007600000,  -9.20000,
,,,00.000007620000,  -8.80000,
,,,00.000007640000,  -9.20000,
,,,00.000007660000,  -8.80000,
,,,00.000007680000,  -8.80000,
,,,00.000007700000,  -8.40000,
,,,00.000007720000,  -8.80000,
,,,00.000007740000,  -8.80000,
,,,00.000007760000,  -8.00000,
,,,00.000007780000,  -8.00000,
,,,00.000007800000,  -8.00000,
,,,00.000007820000,  -8.00000,
,,,00.000007840000,  -8.40000,
,,,00.000007860000,  -8.00000,
,,,00.000007880000,  -8.00000,
,,,00.000007900000,  -7.60000,
,,,00.000007920000,  -7.20000,
,,,00.000007940000,  -7.20000,
,,,00.000007960000,  -7.60000,
,,,00.000007980000,  -7.20000,
,,,00.000008000000,  -7.60000,
,,,00.000008020000,  -6.80000,
,,,00.000008040000,  -6.80000,
,,,00.000008060000,  -6.80000,
,,,00.000008080000,  -6.80000,
,,,00.000008100000,  -6.80000,
,,,00.000008120000,  -6.40000,
,,,00.000008140000,  -6.40000,
,,,00.000008160000,  -6.40000,
,,,00.000008180000,  -6.40000,
,,,00.000008200000,  -6.40000,
,,,00.000008220000,  -6.00000,
,,,00.000008240000,  -6.40000,
,,,00.000008260000,  -6.00000,
,,,00.000008280000,  -5.60000,
,,,00.000008300000,  -6.00000,
,,,00.000008320000,  -5.60000,
,,,00.000008340000,  -5.20000,
,,,00.000008360000,  -5.60000,
,,,00.000008380000,  -4.80000,
,,,00.000008400000,  -5.20000,
,,,00.000008420000,  -5.20000,
,,,00.000008440000,  -5.20000,
,,,00.000008460000,  -5.20000,
,,,00.000008480000,  -4.80000,
,,,00.000008500000,  -4.80000,
,,,00.000008520000,  -4.80000,
,,,00.000008540000,  -4.40000,
,,,00.000008560000,  -4.80000,
,,,00.000008580000,  -4.00000,
,,,00.000008600000,  -4.00000,
,,,00.000008620000,  -4.00000,
,,,00.000008640000,  -4.00000,
,,,00.000008660000,  -4.80000,
,,,00.000008680000,  -4.00000,
,,,00.000008700000,  -3.60000,
,,,00.000008720000,  -3.60000,
,,,00.000008740000,  -3.20000,
,,,00.000008760000,  -3.20000,
,,,00.000008780000,  -3.60000,
,,,00.000008800000,  -3.20000,
,,,00.000008820000,  -3.60000,
,,,00.000008840000,  -3.20000,
,,,00.000008860000,  -3.20000,
,,,00.000008880000,  -2.80000,
,,,00.000008900000,  -2.80000,
,,,00.000008920000,  -2.40000,
,,,00.000008940000,  -2.80000,
,,,00.000008960000,  -2.80000,
,,,00.000008980000,  -2.40000,
,,,00.000009000000,  -2.40000,
,,,00.000009020000,  -2.80000,
,,,00.000009040000,  -2.40000,
,,,00.000009060000,  -2.80000,
,,,00.000009080000,  -1.60000,
,,,00.000009100000,  -2.40000,
,,,00.000009120000,  -2.00000,
,,,00.000009140000,  -2.00000,
,,,00.000009160000,  -1.60000,
,,,00.000009180000,  -1.60000,
,,,00.000009200000,  -1.20000,
,,,00.000009220000,  -1.20000,
,,,00.000009240000,  -1.60000,
,,,00.000009260000,  -1.60000,
,,,00.000009280000,  -1.20000,
,,,00.000009300000,  -0.80000,
,,,00.000009320000,  -0.80000,
,,,00.000009340000,  -0.80000,
,,,00.000009360000,  -0.80000,
,,,00.000009380000,  -0.80000,
,,,00.000009400000,   0.00000,
,,,00.000009420000,   0.00000,
,,,00.000009440000,  -0.80000,
,,,00.000009460000,  -0.80000,
,,,00.000009480000,  -0.40000,
,,,00.000009500000,   0.00000,
,,,00.000009520000,   0.40000,
,,,00.000009540000,   0.40000,
,,,00.000009560000,   0.00000,
,,,00.000009580000,   0.40000,
,,,00.000009600000,   0.40000,
,,,00.000009620000,   0.40000,
,,,00.000009640000,   0.80000,
,,,00.000009660000,   0.40000,
,,,00.000009680000,   0.80000,
,,,00.000009700000,   1.20000,
,,,00.000009720000,   0.80000,
,,,00.000009740000,   1.20000,
,,,00.000009760000,   0.80000,
,,,00.000009780000,   1.20000,
,,,00.000009800000,   1.20000,
,,,00.000009820000,   1.60000,
,,,00.000009840000,   1.60000,
,,,00.000009860000,   1.60000,
,,,00.000009880000,   1.60000,
,,,00.000009900000,   2.00000,
,,,00.000009920000,   2.00000,
,,,00.000009940000,   2.40000,
,,,00.000009960000,   2.40000,
,,,00.000009980000,   2.40000,
,,,00.000010000000,   2.80000,
,,,00.000010020000,   2.40000,
,,,00.000010040000,   2.40000,
,,,00.000010060000,   2.80000,
,,,00.000010080000,   2.40000,
,,,00.000010100000,   2.40000,
,,,00.000010120000,   3.20000,
,,,00.000010140000,   2.80000,
,,,00.000010160000,   3.20000,
,,,00.000010180000,   3.20000,
,,,00.000010200000,   3.20000,
,,,00.000010220000,   4.00000,
,,,00.000010240000,   4.00000,
,,,00.000010260000,   4.00000,
,,,00.000010280000,   4.00000,
,,,00.000010300000,   4.40000,
,,,00.000010320000,   4.00000,
,,,00.000010340000,   4.00000,
,,,00.000010360000,   4.40000,
,,,00.000010380000,   4.40000,
,,,00.000010400000,   4.40000,
,,,00.000010420000,   4.00000,
,,,00.000010440000,   4.80000,
,,,00.000010460000,   4.00000,
,,,00.000010480000,   4.80000,
,,,00.000010500000,   4.80000,
,,,00.000010520000,   4.80000,
,,,00.000010540000,   5.20000,
,,,00.000010560000,   5.20000,
,,,00.000010580000,   5.60000,
,,,00.000010600000,   5.60000,
,,,00.000010620000,   5.60000,
,,,00.000010640000,   5.60000,
,,,00.000010660000,   5.60000,
,,,00.000010680000,   5.60000,
,,,00.000010700000,   5.60000,
,,,00.000010720000,   6.00000,
,,,00.000010740000,   6.00000,
,,,00.000010760000,   6.00000,
,,,00.000010780000,   6.40000,
,,,00.000010800000,   6.00000,
,,,00.000010820000,   6.00000,
,,,00.000010840000,   6.00000,
,,,00.000010860000,   6.80000,
,,,00.000010880000,   6.80000,
,,,00.000010900000,   6.80000,
,,,00.000010920000,   6.80000,
,,,00.000010940000,   6.80000,
,,,00.000010960000,   6.80000,
,,,00.000010980000,   7.20000,
,,,00.000011000000,   7.20000,
,,,00.000011020000,   7.20000,
,,,00.000011040000,   7.60000,
,,,00.000011060000,   7.60000,
,,,00.000011080000,   7.60000,
,,,00.000011100000,   7.60000,
,,,00.000011120000,   8.00000,
,,,00.000011140000,   8.00000,
,,,00.000011160000,   8.40000,
,,,00.000011180000,   8.00000,
,,,00.000011200000,   8.00000,
,,,00.000011220000,   8.00000,
,,,00.000011240000,   8.40000,
,,,00.000011260000,   8.80000,
,,,00.000011280000,   8.00000,
,,,00.000011300000,   8.80000,
,,,00.000011320000,   8.80000,
,,,00.000011340000,   8.80000,
,,,00.000011360000,   8.80000,
,,,00.000011380000,   8.80000,
,,,00.000011400000,   9.20000,
,,,00.000011420000,   9.60000,
,,,00.000011440000,   9.60000,
,,,00.000011460000,   9.20000,
,,,00.000011480000,   9.60000,
,,,00.000011500000,   9.60000,
,,,00.000011520000,   9.60000,
,,,00.000011540000,  10.00000,
,,,00.000011560000,  10.00000,
,,,00.000011580000,  10.00000,
,,,00.000011600000,  10.40000,
,,,00.000011620000,  10.00000,
,,,00.000011640000,  10.40000,
,,,00.000011660000,  10.80000,
,,,00.000011680000,  10.80000,
,,,00.000011700000,  10.80000,
,,,00.000011720000,  10.40000,
,,,00.000011740000,  10.80000,
,,,00.000011760000,  11.20000,
,,,00.000011780000,  10.80000,
,,,00.000011800000,  12.40000,
,,,00.000011820000,  12.40000,
,,,00.000011840000,  12.40000,
,,,00.000011860000,  12.80000,
,,,00.000011880000,  12.40000,
,,,00.000011900000,  12.80000,
,,,00.000011920000,  12.80000,
,,,00.000011940000,  12.40000,
,,,00.000011960000,  12.40000,
,,,00.000011980000,  12.40000,
,,,00.000012000000,  12.40000,
,,,00.000012020000,  12.00000,
,,,00.000012040000,  12.40000,
,,,00.000012060000,  11.60000,
,,,00.000012080000,  11.60000,
,,,00.000012100000,  11.60000,
,,,00.000012120000,  11.60000,
,,,00.000012140000,  11.20000,
,,,00.000012160000,  10.80000,
,,,00.000012180000,  11.20000,
,,,00.000012200000,  11.60000,
,,,00.000012220000,  11.60000,
,,,00.000012240000,  10.80000,
,,,00.000012260000,  10.40000,
,,,00.000012280000,  11.20000,
,,,00.000012300000,  10.40000,
,,,00.000012320000,  10.80000,
,,,00.000012340000,  10.40000,
,,,00.000012360000,  10.40000,
,,,00.000012380000,  10.40000,
,,,00.000012400000,  10.40000,
,,,00.000012420000,  10.40000,
,,,00.000012440000,  10.00000,
,,,00.000012460000,  10.00000,
,,,00.000012480000,  10.00000,
,,,00.000012500000,  10.00000,
,,,00.000012520000,  10.00000,
,,,00.000012540000,   9.60000,
,,,00.000012560000,   9.60000,
,,,00.000012580000,   9.20000,
,,,00.000012600000,   9.60000,
,,,00.000012620000,   9.20000,
,,,00.000012640000,   8.80000,
,,,00.000012660000,   9.60000,
,,,00.000012680000,   8.40000,
,,,00.000012700000,   8.40000,
,,,00.000012720000,   8.80000,
,,,00.000012740000,   8.80000,
,,,00.000012760000,   8.80000,
,,,00.000012780000,   8.40000,
,,,00.000012800000,   8.40000,
,,,00.000012820000,   8.00000,
,,,00.000012840000,   8.40000,
,,,00.000012860000,   8.00000,
,,,00.000012880000,   7.60000,
,,,00.000012900000,   7.60000,
,,,00.000012920000,   7.60000,
,,,00.000012940000,   7.60000,
,,,00.000012960000,   7.60000,
,,,00.000012980000,   7.20000,
,,,00.000013000000,   7.60000,
,,,00.000013020000,   7.20000,
,,,00.000013040000,   7.20000,
,,,00.000013060000,   7.20000,
,,,00.000013080000,   6.80000,
,,,00.000013100000,   6.80000,
,,,00.000013120000,   6.80000,
,,,00.000013140000,   6.80000,
,,,00.000013160000,   6.00000,
,,,00.000013180000,   6.40000,
,,,00.000013200000,   6.80000,
,,,00.000013220000,   6.40000,
,,,00.000013240000,   6.00000,
,,,00.000013260000,   6.00000,
,,,00.000013280000,   6.00000,
,,,00.000013300000,   6.00000,
,,,00.000013320000,   6.00000,
,,,00.000013340000,   5.20000,
,,,00.000013360000,   5.60000,
,,,00.000013380000,   5.20000,
,,,00.000013400000,   4.80000,
,,,00.000013420000,   5.20000,
,,,00.000013440000,   4.80000,
,,,00.000013460000,   4.40000,
,,,00.000013480000,   4.40000,
,,,00.000013500000,   4.40000,
,,,00.000013520000,   4.40000,
,,,00.000013540000,   4.80000,
,,,00.000013560000,   4.40000,
,,,00.000013580000,   4.00000,
,,,00.000013600000,   4.00000,
,,,00.000013620000,   4.00000,
,,,00.000013640000,   4.00000,
,,,00.000013660000,   4.00000,
,,,00.000013680000,   3.60000,
,,,00.000013700000,   4.00000,
,,,00.000013720000,   3.20000,
,,,00.000013740000,   3.60000,
,,,00.000013760000,   3.20000,
,,,00.000013780000,   3.60000,
,,,00.000013800000,   3.60000,
,,,00.000013820000,   3.20000,
,,,00.000013840000,   2.80000,
,,,00.000013860000,   2.80000,
,,,00.000013880000,   3.20000,
,,,00.000013900000,   2.40000,
,,,00.000013920000,   2.80000,
,,,00.000013940000,   2.80000,
,,,00.000013960000,   2.40000,
,,,00.000013980000,   2.00000,
,,,00.000014000000,   2.00000,
,,,00.000014020000,   2.00000,
,,,00.000014040000,   2.00000,
,,,00.000014060000,   1.20000,
,,,00.000014080000,   2.00000,
,,,00.000014100000,   1.60000,
,,,00.000014120000,   1.20000,
,,,00.000014140000,   1.20000,
,,,00.000014160000,   1.20000,
,,,00.000014180000,   1.20000,
,,,00.000014200000,   1.60000,
,,,00.000014220000,   0.80000,
,,,00.000014240000,   1.20000,
,,,00.000014260000,   1.20000,
,,,00.000014280000,   0.40000,
,,,00.000014300000,   0.80000,
,,,00.000014320000,   0.80000,
,,,00.000014340000,   0.40000,
,,,00.000014360000,   0.40000,
,,,00.000014380000,   0.00000,
,,,00.000014400000,   0.00000,
,,,00.000014420000,   0.40000,
,,,00.000014440000,   0.00000,
,,,00.000014460000,  -0.40000,
,,,00.000014480000,   0.00000,
,,,00.000014500000,  -0.40000,
,,,00.000014520000,  -0.40000,
,,,00.000014540000,  -0.80000,
,,,00.000014560000,  -1.20000,
,,,00.000014580000,  -0.40000,
,,,00.000014600000,  -0.80000,
,,,00.000014620000,  -0.80000,
,,,00.000014640000,  -0.80000,
,,,00.000014660000,  -1.20000,
,,,00.000014680000,  -0.80000,
,,,00.000014700000,  -1.20000,
,,,00.000014720000,  -0.80000,
,,,00.000014740000,  -1.60000,
,,,00.000014760000,  -1.60000,
,,,00.000014780000,  -1.60000,
,,,00.000014800000,  -2.00000,
,,,00.000014820000,  -1.60000,
,,,00.000014840000,  -2.00000,
,,,00.000014860000,  -2.40000,
,,,00.000014880000,  -2.00000,
,,,00.000014900000,  -2.80000,
,,,00.000014920000,  -2.40000,
,,,00.000014940000,  -2.80000,
,,,00.000014960000,  -2.40000,
,,,00.000014980000,  -2.40000,
,,,00.000015000000,  -2.80000,
,,,00.000015020000,  -2.80000,
,,,00.000015040000,  -3.20000,
,,,00.000015060000,  -3.20000,
,,,00.000015080000,  -2.80000,
,,,00.000015100000,  -3.20000,
,,,00.000015120000,  -3.20000,
,,,00.000015140000,  -3.60000,
,,,00.000015160000,  -3.60000,
,,,00.000015180000,  -4.00000,
,,,00.000015200000,  -4.00000,
,,,00.000015220000,  -4.00000,
,,,00.000015240000,  -3.60000,
,,,00.000015260000,  -4.00000,
,,,00.000015280000,  -4.00000,
,,,00.000015300000,  -4.00000,
,,,00.000015320000,  -4.80000,
,,,00.000015340000,  -4.40000,
,,,00.000015360000,  -5.20000,
,,,00.000015380000,  -4.40000,
,,,00.000015400000,  -4.40000,
,,,00.000015420000,  -5.60000,
,,,00.000015440000,  -5.20000,
,,,00.000015460000,  -5.20000,
,,,00.000015480000,  -5.20000,
,,,00.000015500000,  -5.20000,
,,,00.000015520000,  -5.60000,
,,,00.000015540000,  -5.20000,
,,,00.000015560000,  -5.60000,
,,,00.000015580000,  -5.60000,
,,,00.000015600000,  -6.00000,
,,,00.000015620000,  -6.00000,
,,,00.000015640000,  -5.60000,
,,,00.000015660000,  -6.00000,
,,,00.000015680000,  -6.40000,
,,,00.000015700000,  -6.80000,
,,,00.000015720000,  -6.00000,
,,,00.000015740000,  -6.00000,
,,,00.000015760000,  -6.80000,
,,,00.000015780000,  -6.80000,
,,,00.000015800000,  -6.80000,
,,,00.000015820000,  -6.80000,
,,,00.000015840000,  -6.80000,
,,,00.000015860000,  -7.20000,
,,,00.000015880000,  -7.20000,
,,,00.000015900000,  -6.80000,
,,,00.000015920000,  -7.20000,
,,,00.000015940000,  -7.60000,
,,,00.000015960000,  -7.60000,
,,,00.000015980000,  -7.60000,
,,,00.000016000000,  -8.00000,
,,,00.000016020000,  -8.00000,
,,,00.000016040000,  -7.60000,
,,,00.000016060000,  -7.60000,
,,,00.000016080000,  -8.40000,
,,,00.000016100000,  -8.80000,
,,,00.000016120000,  -8.40000,
,,,00.000016140000,  -8.40000,
,,,00.000016160000,  -9.20000,
,,,00.000016180000,  -8.80000,
,,,00.000016200000,  -8.80000,
,,,00.000016220000,  -9.20000,
,,,00.000016240000,  -9.20000,
,,,00.000016260000,  -9.20000,
,,,00.000016280000,  -8.80000,
,,,00.000016300000,  -8.80000,
,,,00.000016320000,  -9.60000,
,,,00.000016340000,  -9.60000,
,,,00.000016360000,  -9.60000,
,,,00.000016380000,  -9.60000,
,,,00.000016400000, -10.40000,
,,,00.000016420000,  -9.60000,
,,,00.000016440000, -10.00000,
,,,00.000016460000,  -9.60000,
,,,00.000016480000, -10.40000,
,,,00.000016500000, -10.40000,
,,,00.000016520000, -10.80000,
,,,00.000016540000, -10.40000,
,,,00.000016560000, -10.80000,
,,,00.000016580000, -10.80000,
,,,00.000016600000, -11.20000,
,,,00.000016620000, -11.20000,
,,,00.000016640000, -11.20000,
,,,00.000016660000, -11.20000,
,,,00.000016680000, -12.00000,
,,,00.000016700000, -10.80000,
,,,00.000016720000, -11.20000,
,,,00.000016740000, -11.60000,
,,,00.000016760000, -12.00000,
,,,00.000016780000, -11.60000,
,,,00.000016800000, -10.40000,
,,,00.000016820000,  -9.20000,
,,,00.000016840000,  -9.60000,
,,,00.000016860000,  -9.60000,
,,,00.000016880000, -10.00000,
,,,00.000016900000, -10.00000,
,,,00.000016920000, -10.00000,
,,,00.000016940000, -10.00000,
,,,00.000016960000, -10.40000,
,,,00.000016980000, -10.40000,
,,,00.000017000000, -10.40000,
,,,00.000017020000, -10.80000,
,,,00.000017040000, -10.40000,
,,,00.000017060000, -10.80000,
,,,00.000017080000, -10.80000,
,,,00.000017100000, -10.80000,
,,,00.000017120000, -10.80000,
,,,00.000017140000, -11.20000,
,,,00.000017160000, -10.80000,
,,,00.000017180000, -10.40000,
,,,00.000017200000, -10.40000,
,,,00.000017220000, -10.80000,
,,,00.000017240000, -10.40000,
,,,00.000017260000, -10.40000,
,,,00.000017280000, -10.00000,
,,,00.000017300000, -10.40000,
,,,00.000017320000, -10.00000,
,,,00.000017340000,  -9.60000,
,,,00.000017360000, -10.00000,
,,,00.000017380000, -10.40000,
,,,00.000017400000, -10.00000,
,,,00.000017420000,  -9.60000,
,,,00.000017440000,  -9.60000,
,,,00.000017460000,  -9.60000,
,,,00.000017480000,  -9.60000,
,,,00.000017500000, -10.00000,
,,,00.000017520000,  -9.60000,
,,,00.000017540000,  -9.60000,
,,,00.000017560000,  -8.80000,
,,,00.000017580000,  -9.60000,
,,,00.000017600000,  -9.20000,
,,,00.000017620000,  -8.80000,
,,,00.000017640000,  -9.20000,
,,,00.000017660000,  -8.80000,
,,,00.000017680000,  -8.80000,
,,,00.000017700000,  -8.80000,
,,,00.000017720000,  -8.40000,
,,,00.000017740000,  -8.40000,
,,,00.000017760000,  -8.00000,
,,,00.000017780000,  -8.40000,
,,,00.000017800000,  -8.00000,
,,,00.000017820000,  -8.00000,
,,,00.000017840000,  -7.60000,
,,,00.000017860000,  -8.00000,
,,,00.000017880000,  -7.60000,
,,,00.000017900000,  -8.00000,
,,,00.000017920000,  -7.20000,
,,,00.000017940000,  -7.60000,
,,,00.000017960000,  -8.00000,
,,,00.000017980000,  -7.60000,
,,,00.000018000000,  -7.60000,
,,,00.000018020000,  -7.60000,
,,,00.000018040000,  -6.80000,
,,,00.000018060000,  -6.80000,
,,,00.000018080000,  -7.20000,
,,,00.000018100000,  -6.80000,
,,,00.000018120000,  -6.80000,
,,,00.000018140000,  -6.40000,
,,,00.000018160000,  -6.80000,
,,,00.000018180000,  -6.80000,
,,,00.000018200000,  -6.40000,
,,,00.000018220000,  -6.40000,
,,,00.000018240000,  -6.00000,
,,,00.000018260000,  -6.00000,
,,,00.000018280000,  -5.60000,
,,,00.000018300000,  -5.60000,
,,,00.000018320000,  -6.00000,
,,,00.000018340000,  -6.00000,
,,,00.000018360000,  -5.20000,
,,,00.000018380000,  -4.80000,
,,,00.000018400000,  -5.60000,
,,,00.000018420000,  -4.80000,
,,,00.000018440000,  -5.20000,
,,,00.000018460000,  -5.20000,
,,,00.000018480000,  -4.80000,
,,,00.000018500000,  -4.80000,
,,,00.000018520000,  -4.80000,
,,,00.000018540000,  -4.80000,
,,,00.000018560000,  -4.40000,
,,,00.000018580000,  -4.40000,
,,,00.000018600000,  -4.40000,
,,,00.000018620000,  -4.80000,
,,,00.000018640000,  -4.40000,
,,,00.000018660000,  -4.00000,
,,,00.000018680000,  -4.00000,
,,,00.000018700000,  -3.60000,
,,,00.000018720000,  -4.40000,
,,,00.000018740000,  -3.60000,
,,,00.000018760000,  -4.00000,
,,,00.000018780000,  -3.60000,
,,,00.000018800000,  -4.00000,
,,,00.000018820000,  -3.20000,
,,,00.000018840000,  -3.20000,
,,,00.000018860000,  -3.20000,
,,,00.000018880000,  -2.80000,
,,,00.000018900000,  -3.20000,
,,,00.000018920000,  -2.80000,
,,,00.000018940000,  -2.80000,
,,,00.000018960000,  -3.20000,
,,,00.000018980000,  -2.40000,
,,,00.000019000000,  -2.80000,
,,,00.000019020000,  -2.40000,
,,,00.000019040000,  -2.40000,
,,,00.000019060000,  -2.00000,
,,,00.000019080000,  -2.40000,
,,,00.000019100000,  -2.40000,
,,,00.000019120000,  -2.00000,
,,,00.000019140000,  -2.00000,
,,,00.000019160000,  -1.60000,
,,,00.000019180000,  -1.60000,
,,,00.000019200000,  -2.40000,
,,,00.000019220000,  -1.20000,
,,,00.000019240000,  -1.20000,
,,,00.000019260000,  -1.20000,
,,,00.000019280000,  -1.60000,
,,,00.000019300000,  -0.80000,
,,,00.000019320000,  -1.20000,
,,,00.000019340000,  -0.80000,
,,,00.000019360000,  -0.40000,
,,,00.000019380000,  -1.20000,
,,,00.000019400000,  -0.80000,
,,,00.000019420000,  -0.40000,
,,,00.000019440000,   0.40000,
,,,00.000019460000,   0.00000,
,,,00.000019480000,  -0.40000,
,,,00.000019500000,   0.00000,
,,,00.000019520000,   0.00000,
,,,00.000019540000,   0.40000,
,,,00.000019560000,   0.40000,
,,,00.000019580000,   0.40000,
,,,00.000019600000,   0.80000,
,,,00.000019620000,   0.40000,
,,,00.000019640000,   1.20000,
,,,00.000019660000,   0.40000,
,,,00.000019680000,   1.20000,
,,,00.000019700000,   0.80000,
,,,00.000019720000,   0.40000,
,,,00.000019740000,   1.20000,
,,,00.000019760000,   1.60000,
,,,00.000019780000,   0.80000,
,,,00.000019800000,   1.20000,
,,,00.000019820000,   1.20000,
,,,00.000019840000,   1.60000,
,,,00.000019860000,   2.00000,
,,,00.000019880000,   2.00000,
,,,00.000019900000,   1.20000,
,,,00.000019920000,   2.00000,
,,,00.000019940000,   1.60000,
,,,00.000019960000,   2.40000,
,,,00.000019980000,   1.60000,
,,,00.000020000000,   2.40000,
,,,00.000020020000,   2.80000,
,,,00.000020040000,   2.80000,
,,,00.000020060000,   2.80000,
,,,00.000020080000,   2.80000,
,,,00.000020100000,   2.80000,
,,,00.000020120000,   3.20000,
,,,00.000020140000,   3.20000,
,,,00.000020160000,   3.20000,
,,,00.000020180000,   2.80000,
,,,00.000020200000,   3.60000,
,,,00.000020220000,   3.20000,
,,,00.000020240000,   3.60000,
,,,00.000020260000,   3.60000,
,,,00.000020280000,   3.60000,
,,,00.000020300000,   4.00000,
,,,00.000020320000,   3.60000,
,,,00.000020340000,   4.00000,
,,,00.000020360000,   4.40000,
,,,00.000020380000,   4.40000,
,,,00.000020400000,   4.40000,
,,,00.000020420000,   4.40000,
,,,00.000020440000,   4.80000,
,,,00.000020460000,   4.80000,
,,,00.000020480000,   4.40000,
,,,00.000020500000,   4.40000,
,,,00.000020520000,   5.20000,
,,,00.000020540000,   4.80000,
,,,00.000020560000,   5.20000,
,,,00.000020580000,   4.80000,
,,,00.000020600000,   4.80000,
,,,00.000020620000,   5.60000,
,,,00.000020640000,   5.20000,
,,,00.000020660000,   6.00000,
,,,00.000020680000,   6.00000,
,,,00.000020700000,   5.60000,
,,,00.000020720000,   6.00000,
,,,00.000020740000,   5.60000,
,,,00.000020760000,   6.00000,
,,,00.000020780000,   5.60000,
,,,00.000020800000,   6.40000,
,,,00.000020820000,   6.40000,
,,,00.000020840000,   6.40000,
,,,00.000020860000,   6.40000,
,,,00.000020880000,   6.80000,
,,,00.000020900000,   6.80000,
,,,00.000020920000,   6.40000,
,,,00.000020940000,   7.20000,
,,,00.000020960000,   6.80000,
,,,00.000020980000,   7.20000,
,,,00.000021000000,   7.20000,
,,,00.000021020000,   7.20000,
,,,00.000021040000,   7.20000,
,,,00.000021060000,   8.00000,
,,,00.000021080000,   7.20000,
,,,00.000021100000,   8.00000,
,,,00.000021120000,   7.60000,
,,,00.000021140000,   7.60000,
,,,00.000021160000,   7.60000,
,,,00.000021180000,   8.80000,
,,,00.000021200000,   8.40000,
,,,00.000021220000,   8.40000,
,,,00.000021240000,   8.80000,
,,,00.000021260000,   8.40000,
,,,00.000021280000,   8.40000,
,,,00.000021300000,   8.80000,
,,,00.000021320000,   8.80000,
,,,00.000021340000,   8.80000,
,,,00.000021360000,   8.40000,
,,,00.000021380000,   9.20000,
,,,00.000021400000,   8.80000,
,,,00.000021420000,   9.20000,
,,,00.000021440000,   9.20000,
,,,00.000021460000,   9.60000,
,,,00.000021480000,   9.60000,
,,,00.000021500000,   9.60000,
,,,00.000021520000,   9.60000,
,,,00.000021540000,  10.00000,
,,,00.000021560000,  10.40000,
,,,00.000021580000,  10.00000,
,,,00.000021600000,  10.00000,
,,,00.000021620000,  10.40000,
,,,00.000021640000,  10.00000,
,,,00.000021660000,  10.40000,
,,,00.000021680000,  10.40000,
,,,00.000021700000,  10.80000,
,,,00.000021720000,  10.40000,
,,,00.000021740000,  10.80000,
,,,00.000021760000,  10.80000,
,,,00.000021780000,  10.80000,
,,,00.000021800000,  12.00000,
,,,00.000021820000,  12.40000,
,,,00.000021840000,  12.40000,
,,,00.000021860000,  12.80000,
,,,00.000021880000,  12.80000,
,,,00.000021900000,  12.80000,
,,,00.000021920000,  12.00000,
,,,00.000021940000,  12.40000,
,,,00.000021960000,  12.40000,
,,,00.000021980000,  12.00000,
,,,00.000022000000,  12.40000,
,,,00.000022020000,  11.60000,
,,,00.000022040000,  11.60000,
,,,00.000022060000,  12.00000,
,,,00.000022080000,  12.00000,
,,,00.000022100000,  11.60000,
,,,00.000022120000,  11.60000,
,,,00.000022140000,  11.20000,
,,,00.000022160000,  12.00000,
,,,00.000022180000,  11.20000,
,,,00.000022200000,  11.20000,
,,,00.000022220000,  11.20000,
,,,00.000022240000,  10.80000,
,,,00.000022260000,  11.20000,
,,,00.000022280000,  10.80000,
,,,00.000022300000,  10.80000,
,,,00.000022320000,  10.80000,
,,,00.000022340000,  10.00000,
,,,00.000022360000,  10.80000,
,,,00.000022380000,  10.40000,
,,,00.000022400000,  10.40000,
,,,00.000022420000,  10.00000,
,,,00.000022440000,  10.00000,
,,,00.000022460000,  10.00000,
,,,00.000022480000,  10.00000,
,,,00.000022500000,   9.60000,
,,,00.000022520000,   9.20000,
,,,00.000022540000,   9.20000,
,,,00.000022560000,   9.20000,
,,,00.000022580000,   9.60000,
,,,00.000022600000,   9.60000,
,,,00.000022620000,   9.20000,
,,,00.000022640000,   9.20000,
,,,00.000022660000,   9.60000,
,,,00.000022680000,   8.80000,
,,,00.000022700000,   8.80000,
,,,00.000022720000,   8.40000,
,,,00.000022740000,   8.80000,
,,,00.000022760000,   8.40000,
,,,00.000022780000,   8.40000,
,,,00.000022800000,   8.40000,
,,,00.000022820000,   8.00000,
,,,00.000022840000,   8.00000,
,,,00.000022860000,   8.00000,
,,,00.000022880000,   8.00000,
,,,00.000022900000,   8.00000,
,,,00.000022920000,   8.00000,
,,,00.000022940000,   7.60000,
,,,00.000022960000,   7.60000,
,,,00.000022980000,   7.60000,
,,,00.000023000000,   7.20000,
,,,00.000023020000,   6.80000,
,,,00.000023040000,   7.20000,
,,,00.000023060000,   6.80000,
,,,00.000023080000,   6.80000,
,,,00.000023100000,   6.80000,
,,,00.000023120000,   6.80000,
,,,00.000023140000,   6.80000,
,,,00.000023160000,   6.00000,
,,,00.000023180000,   6.40000,
,,,00.000023200000,   6.40000,
,,,00.000023220000,   6.40000,
,,,00.000023240000,   5.60000,
,,,00.000023260000,   5.60000,
,,,00.000023280000,   5.60000,
,,,00.000023300000,   5.20000,
,,,00.000023320000,   5.60000,
,,,00.000023340000,   5.60000,
,,,00.000023360000,   5.60000,
,,,00.000023380000,   5.20000,
,,,00.000023400000,   5.20000,
,,,00.000023420000,   5.20000,
,,,00.000023440000,   5.20000,
,,,00.000023460000,   5.20000,
,,,00.000023480000,   4.80000,
,,,00.000023500000,   4.80000,
,,,00.000023520000,   4.40000,
,,,00.000023540000,   4.40000,
,,,00.000023560000,   4.80000,
,,,00.000023580000,   4.00000,
,,,00.000023600000,   4.40000,
,,,00.000023620000,   4.00000,
,,,00.000023640000,   4.40000,
,,,00.000023660000,   3.60000,
,,,00.000023680000,   4.00000,
,,,00.000023700000,   4.00000,
,,,00.000023720000,   3.60000,
,,,00.000023740000,   3.20000,
,,,00.000023760000,   3.60000,
,,,00.000023780000,   3.20000,
,,,00.000023800000,   3.20000,
,,,00.000023820000,   2.80000,
,,,00.000023840000,   2.80000,
,,,00.000023860000,   2.80000,
,,,00.000023880000,   2.80000,
,,,00.000023900000,   2.40000,
,,,00.000023920000,   3.20000,
,,,00.000023940000,   2.00000,
,,,00.000023960000,   2.00000,
,,,00.000023980000,   2.40000,
,,,00.000024000000,   2.40000,
,,,00.000024020000,   2.00000,
,,,00.000024040000,   2.00000,
,,,00.000024060000,   1.60000,
,,,00.000024080000,   2.00000,
,,,00.000024100000,   1.60000,
,,,00.000024120000,   1.60000,
,,,00.000024140000,   1.60000,
,,,00.000024160000,   2.00000,
,,,00.000024180000,   1.20000,
,,,00.000024200000,   1.60000,
,,,00.000024220000,   1.20000,
,,,00.000024240000,   1.20000,
,,,00.000024260000,   1.20000,
,,,00.000024280000,   0.80000,
,,,00.000024300000,   0.40000,
,,,00.000024320000,   0.80000,
,,,00.000024340000,   0.40000,
,,,00.000024360000,   0.80000,
,,,00.000024380000,   0.80000,
,,,00.000024400000,   0.00000,
,,,00.000024420000,   0.00000,
,,,00.000024440000,   0.00000,
,,,00.000024460000,   0.00000,
,,,00.000024480000,   0.00000,
,,,00.000024500000,  -0.80000,
,,,00.000024520000,  -0.40000,
,,,00.000024540000,  -0.80000,
,,,00.000024560000,  -1.20000,
,,,00.000024580000,  -0.40000,
,,,00.000024600000,  -0.40000,
,,,00.000024620000,  -1.20000,
,,,00.000024640000,  -0.80000,
,,,00.000024660000,  -0.80000,
,,,00.000024680000,  -1.60000,
,,,00.000024700000,  -1.20000,
,,,00.000024720000,  -1.20000,
,,,00.000024740000,  -1.20000,
,,,00.000024760000,  -1.60000,
,,,00.000024780000,  -1.60000,
,,,00.000024800000,  -2.00000,
,,,00.000024820000,  -1.60000,
,,,00.000024840000,  -2.00000,
,,,00.000024860000,  -2.00000,
,,,00.000024880000,  -2.00000,
,,,00.000024900000,  -2.40000,
,,,00.000024920000,  -2.80000,
,,,00.000024940000,  -2.40000,
,,,00.000024960000,  -2.80000,
,,,00.000024980000,  -2.40000,
